
-- Create University Database
CREATE DATABASE UniversityDB;

USE UniversityDB;

-- Create Departments table
CREATE TABLE Departments (
    DepartmentID INT PRIMARY KEY,
    DepartmentName VARCHAR(100) NOT NULL
);

-- Create Students table
CREATE TABLE Students (
    StudentID INT PRIMARY KEY,
    FirstName VARCHAR(50),
    LastName VARCHAR(50),
    DateOfBirth DATE,
    DepartmentID INT,
    EnrollmentYear INT,
    FOREIGN KEY (DepartmentID) REFERENCES Departments(DepartmentID)
);

-- Create Professors table
CREATE TABLE Professors (
    ProfessorID INT PRIMARY KEY,
    FirstName VARCHAR(50),
    LastName VARCHAR(50),
    DepartmentID INT,
    FOREIGN KEY (DepartmentID) REFERENCES Departments(DepartmentID)
);

-- Create Courses table
CREATE TABLE Courses (
    CourseID INT PRIMARY KEY,
    CourseName VARCHAR(100),
    Credits INT,
    DepartmentID INT,
    ProfessorID INT,
    FOREIGN KEY (DepartmentID) REFERENCES Departments(DepartmentID),
    FOREIGN KEY (ProfessorID) REFERENCES Professors(ProfessorID)
);

-- Create Enrollments table
CREATE TABLE Enrollments (
    EnrollmentID INT PRIMARY KEY IDENTITY,
    StudentID INT,
    CourseID INT,
    EnrollmentDate DATE,
    FOREIGN KEY (StudentID) REFERENCES Students(StudentID),
    FOREIGN KEY (CourseID) REFERENCES Courses(CourseID)
);

-- Create Attendance table
CREATE TABLE Attendance (
    AttendanceID INT PRIMARY KEY IDENTITY,
    StudentID INT,
    CourseID INT,
    Date DATE,
    Status VARCHAR(10),
    FOREIGN KEY (StudentID) REFERENCES Students(StudentID),
    FOREIGN KEY (CourseID) REFERENCES Courses(CourseID)
);

-- Insert Departments data
INSERT INTO Departments (DepartmentID, DepartmentName) VALUES
(1, 'Computer Science'), (2, 'Mathematics'), (3, 'Physics'), (4, 'Artificial Intelligence'),
(5, 'Information Technology'), (6, 'Decision Support'), (7, 'Information Systems'), (8, 'Cyber Security'),
(9, 'Data Science'), (10, 'Data Analysis'), (11, 'Robotics'), (12, 'Software Engineering');

-- Insert Professors data
INSERT INTO Professors (ProfessorID, FirstName, LastName, DepartmentID) VALUES
(1, 'John', 'Sayed', 1), (2, 'Khalid', 'Ali', 2), (3, 'Nader', 'Makram', 3), (4, 'Karma', 'Mina', 4),
(5, 'Ahmed', 'Omar', 5), (6, 'Khalil', 'Omar', 6), (7, 'Maher', 'Peter', 7), (8, 'Ahmed', 'Mostafa', 8),
(9, 'Hany', 'Salem', 9), (10, 'Samy', 'Amr', 10), (11, 'David', 'Osama', 11), (12, 'Ahmed', 'Salah', 12),
(13, 'Nabil', 'Mohammed', 1), (14, 'Sally', 'Osama', 2), (15, 'Sameh', 'John', 3), (16, 'Sara', 'Younan', 4),
(17, 'Samy', 'Nabil', 5), (18, 'Marry', 'Magdy', 6), (19, 'Salma', 'Taha', 7), (20, 'Sara', 'Hakim', 8),
(21, 'Sameh', 'Raouf', 4), (22, 'Maro', 'John', 10), (23, 'Maryem', 'Mostafa', 11), (24, 'Carol', 'Hany', 12),
(25, 'Raouf', 'Hany', 1), (26, 'Peter', 'Joe', 2), (27, 'Mahmoud', 'Basem', 3), (28, 'Caro', 'Curie', 4),
(29, 'Wagdy', 'Samy', 10), (30, 'Hanna', 'Samir', 12), (31, 'Emad', 'Younan', 3), (32, 'Maro', 'Helmy', 1),
(33, 'Anton', 'Mina', 4), (34, 'Helmy', 'Fady', 5), (35, 'Andrew', 'Kerolos', 7), (36, 'Davis', 'Curie', 6),
(37, 'John', 'Bola', 6), (38, 'John', 'Samy', 8), (39, 'Gamil', 'Essam', 9), (40, 'Marie', 'Curie', 9);


-- Insert Courses data
INSERT INTO Courses (CourseID, CourseName, Credits, DepartmentID, ProfessorID) VALUES
(1, 'Intro to Programming', 3, 1, 1),
(2, 'Calculus I', 4, 2, 2),
(3, 'Quantum Physics', 4, 3, 3),
(4, 'Machine Learning', 3, 4, 4), 
(5, 'Deep Learning', 3, 5, 5),
(6, 'Power BI', 4, 6, 6),
(7, 'SQL', 3, 7, 7),
(8, 'Python', 2, 8, 8),
(9, 'NLP', 2, 9, 9),
(10, 'OOP', 2, 10, 10),
(11, 'Algorithms', 4, 11,11),
(12, 'Web', 3, 12, 12),
(13, 'Big Data', 3, 1, 13),
(14, 'Networks', 4, 2, 14),
(15, 'Signals', 4, 3, 15),
(16, 'Computer Vision', 3, 4, 16),
(17, 'Human Rights', 2, 5, 1),
(18, 'Calculus II', 4, 6, 2),
(19, 'Logic', 4, 7, 3),
(20, 'GAN', 3, 8, 4), 
(21, 'LLM', 4, 9, 5),
(22, 'Excel', 4, 10, 6),
(23, 'Management', 3, 11, 7),
(24, 'HTML', 2, 12, 8),
(25, 'CSS', 3, 10, 9),
(26, 'JavaScript', 2, 8, 10),
(27, 'Creative Thinking', 3, 7,11),
(28, 'Node JS', 3, 2, 12),
(29, 'Spark' ,3, 5, 13),
(30, 'Networks II', 4, 7, 14),
(31, 'Signals II', 4, 11, 15),
(32, 'Image Processing', 4, 4, 16);


-- Insert Students data 
INSERT INTO Students (StudentID, FirstName, LastName, DateOfBirth, DepartmentID, EnrollmentYear) VALUES
(1, 'Grace', 'Johnson', '2008-02-22', 4, 2020),
(2, 'Alice', 'Frank', '1998-04-23', 2, 2021),
(3, 'Bob', 'Green', '1998-07-14', 2, 2020),
(4, 'David', 'Johnson', '2011-12-20', 1, 2022),
(5, 'Grace', 'Hall', '2006-10-18', 12, 2019),
(6, 'Alice', 'Anderson', '2018-05-08', 11, 2018),
(7, 'Charlie', 'Green', '2008-10-06', 1, 2023),
(8, 'Judy', 'Hall', '2009-01-16', 3, 2018),
(9, 'David', 'Clark', '2017-12-24', 4, 2022),
(10, 'Bob', 'Davis', '1996-03-01', 5, 2022),
(11, 'Bob', 'Hall', '2014-01-03', 6, 2023),
(12, 'Bob', 'Davis', '2009-06-07', 7, 2019),
(13, 'Charlie', 'Ivy', '1995-10-13', 8, 2021),
(14, 'Eve', 'Brown', '2012-06-03', 9, 2021),
(15, 'Judy', 'Evans', '2002-10-02', 10, 2022),
(16, 'Eve', 'Davis', '2005-08-07', 11, 2023),
(17, 'Bob', 'Evans', '2000-10-18', 12, 2022),
(18, 'Heidi', 'Brown', '2005-08-29', 1, 2020),
(19, 'Eve', 'Ivy', '2014-01-04', 4, 2023),
(20, 'Charlie', 'Brown', '1997-04-02', 5, 2022),
(21, 'Ivan', 'Green', '2010-11-02', 5, 2018),
(22, 'Judy', 'Ivy', '2005-12-20', 5, 2022),
(23, 'Eve', 'Green', '1998-12-17', 5, 2023),
(24, 'David', 'Ivy', '1996-04-25', 5, 2021),
(25, 'Fay', 'Hall', '2016-08-11', 5, 2018),
(26, 'Charlie', 'Evans', '2009-05-08', 5, 2018),
(27, 'Bob', 'Evans', '1997-05-05', 5, 2020),
(28, 'Ivan', 'Ivy', '2009-07-03', 5, 2019),
(29, 'Alice', 'Green', '2000-01-22', 6, 2020),
(30, 'David', 'Ivy', '2006-07-26', 7, 2022),
(31, 'Ivan', 'Frank', '2009-06-29', 6, 2018),
(32, 'Heidi', 'Ivy', '1995-06-04', 7, 2019),
(33, 'Grace', 'Clark', '1995-08-08', 6, 2023),
(34, 'Charlie', 'Johnson', '2016-12-17', 7, 2021),
(35, 'Ivan', 'Evans', '1999-06-19', 7, 2019),
(36, 'Eve', 'Davis', '2002-06-05', 7, 2023),
(37, 'Judy', 'Frank', '1996-09-05', 3, 2018),
(38, 'Charlie', 'Anderson', '2017-03-11', 7, 2020),
(39, 'Fay', 'Brown', '2008-09-23', 7, 2019),
(40, 'Bob', 'Clark', '2017-07-13', 7, 2022),
(41, 'Eve', 'Johnson', '2016-11-29', 7, 2022),
(42, 'Eve', 'Davis', '2009-02-08', 7, 2018),
(43, 'Judy', 'Ivy', '2013-01-04', 7, 2019),
(44, 'Eve', 'Hall', '2017-06-09', 7, 2020),
(45, 'Fay', 'Johnson', '2019-07-29', 6, 2020),
(46, 'Bob', 'Green', '2009-06-14', 6, 2023),
(47, 'Eve', 'Hall', '2000-10-14', 6, 2022),
(48, 'Charlie', 'Clark', '2011-09-25', 6, 2023),
(49, 'Fay', 'Evans', '2008-02-05', 6, 2022),
(50, 'Grace', 'Frank', '1995-03-16', 6, 2021),
(51, 'Charlie', 'Davis', '2005-07-22', 6, 2023),
(52, 'Ivan', 'Brown', '1999-10-28', 6, 2018),
(53, 'Judy', 'Anderson', '2008-08-03', 6, 2022),
(54, 'Alice', 'Davis', '2006-03-06', 6, 2018),
(55, 'Ivan', 'Davis', '2004-09-27', 6, 2018),
(56, 'Ivan', 'Clark', '2016-01-28', 6, 2021),
(57, 'Grace', 'Hall', '2007-02-25', 6, 2019),
(58, 'Ivan', 'Johnson', '1997-12-10', 7, 2020),
(59, 'Alice', 'Ivy', '1995-05-09', 7, 2022),
(60, 'Grace', 'Davis', '2018-03-29', 7, 2022),
(61, 'Alice', 'Davis', '2008-02-20', 8, 2018),
(62, 'Judy', 'Ivy', '2014-12-20', 8, 2022),
(63, 'Bob', 'Brown', '1999-02-02', 8, 2019),
(64, 'Bob', 'Anderson', '1997-01-01', 8, 2023),
(65, 'Bob', 'Brown', '2006-05-24', 8, 2019),
(66, 'Grace', 'Anderson', '2001-11-26', 9, 2018),
(67, 'Fay', 'Brown', '2006-05-05', 10, 2018),
(68, 'Heidi', 'Clark', '2013-02-25', 10, 2020),
(69, 'Ivan', 'Evans', '2008-06-12', 10, 2021),
(70, 'Judy', 'Hall', '2019-07-25', 10, 2020),
(71, 'Alice', 'Evans', '1996-07-25', 10, 2021),
(72, 'Alice', 'Davis', '2011-09-04', 10, 2020),
(73, 'Fay', 'Brown', '2005-01-14', 10, 2019),
(74, 'Alice', 'Clark', '1999-06-03', 5, 2018),
(75, 'Fay', 'Anderson', '2018-03-19', 5, 2018),
(76, 'Alice', 'Anderson', '2011-02-19', 5, 2022),
(77, 'Charlie', 'Johnson', '2002-04-26', 5, 2023),
(78, 'Heidi', 'Davis', '1998-01-06', 5, 2022),
(79, 'Grace', 'Johnson', '2004-02-16', 5, 2020),
(80, 'Eve', 'Clark', '2005-12-12', 5, 2021),
(81, 'Alice', 'Evans', '2003-02-20', 5, 2019),
(82, 'Bob', 'Evans', '2010-11-30', 6, 2023),
(83, 'Judy', 'Frank', '2015-07-10', 6, 2022),
(84, 'Eve', 'Clark', '2000-03-27', 6, 2020),
(85, 'Bob', 'Hall', '1998-04-14', 6, 2022),
(86, 'David', 'Clark', '2006-12-29', 6, 2023),
(87, 'Bob', 'Ivy', '2000-01-31', 6, 2018),
(88, 'Bob', 'Hall', '2009-01-23', 6, 2023),
(89, 'Ivan', 'Hall', '1998-11-29', 1, 2020),
(90, 'Charlie', 'Davis', '2013-01-06', 7, 2018),
(91, 'Judy', 'Clark', '1998-05-19', 8, 2018),
(92, 'Ivan', 'Frank', '2002-10-21', 8, 2021),
(93, 'Charlie', 'Green', '2012-11-06', 8, 2022),
(94, 'Fay', 'Hall', '2001-11-09', 8, 2023),
(95, 'David', 'Evans', '2015-02-17', 8, 2019),
(96, 'Ivan', 'Brown', '2013-08-20', 8, 2020),
(97, 'Fay', 'Ivy', '2015-06-23', 8, 2022),
(98, 'Fay', 'Hall', '1995-08-03', 8, 2020),
(99, 'Ivan', 'Brown', '2005-08-30', 8, 2023),
(100, 'Ivan', 'Anderson', '2007-05-04', 8, 2021),
(101, 'Charlie', 'Clark', '1995-09-19', 9, 2023),
(102, 'Charlie', 'Brown', '2009-11-21', 10, 2019),
(103, 'Fay', 'Green', '2015-11-25', 10, 2022),
(104, 'Ivan', 'Ivy', '2014-06-28', 10, 2021),
(105, 'Charlie', 'Davis', '2003-06-04', 10, 2018),
(106, 'Alice', 'Frank', '1998-07-01', 10, 2021),
(107, 'David', 'Green', '2003-03-10', 9, 2022),
(108, 'Judy', 'Hall', '2012-11-29', 9, 2021),
(109, 'Fay', 'Johnson', '2001-02-24', 9, 2021),
(110, 'David', 'Davis', '2017-10-14', 9, 2023),
(111, 'Eve', 'Johnson', '2016-01-17', 9, 2023),
(112, 'Grace', 'Johnson', '2010-06-01', 9, 2022),
(113, 'David', 'Frank', '2015-11-15', 9, 2022),
(114, 'Fay', 'Davis', '2009-06-14', 9, 2019),
(115, 'Heidi', 'Frank', '2003-08-06', 10, 2018),
(116, 'Charlie', 'Green', '2010-05-09', 7, 2019),
(117, 'David', 'Johnson', '2008-08-02', 6, 2019),
(118, 'David', 'Brown', '1996-01-02', 6, 2019),
(119, 'Ivan', 'Frank', '2006-07-10', 5, 2021),
(120, 'Eve', 'Johnson', '2006-11-14', 5, 2018),
(121, 'Heidi', 'Green', '1995-01-09', 5, 2019),
(122, 'Fay', 'Evans', '2004-02-18', 9, 2019),
(123, 'Heidi', 'Evans', '2012-06-30', 9, 2020),
(124, 'Eve', 'Johnson', '2019-03-24', 9, 2023),
(125, 'Bob', 'Clark', '1999-02-23', 9, 2023),
(126, 'Grace', 'Frank', '1997-09-29', 9, 2020),
(127, 'David', 'Hall', '2013-10-21', 9, 2022),
(128, 'Grace', 'Davis', '2003-04-24', 9, 2018),
(129, 'Alice', 'Green', '2005-06-24', 9, 2020),
(130, 'Fay', 'Clark', '2015-06-25', 9, 2018),
(131, 'Judy', 'Johnson', '2002-09-15', 6, 2020),
(132, 'David', 'Anderson', '2009-06-24', 6, 2022),
(133, 'Charlie', 'Davis', '2008-02-23', 6, 2019),
(134, 'Alice', 'Clark', '2014-05-24', 6, 2022),
(135, 'Eve', 'Brown', '2000-07-08', 6, 2023),
(136, 'Ivan', 'Davis', '2004-08-01', 6, 2022),
(137, 'Fay', 'Johnson', '2014-02-17', 6, 2022),
(138, 'Heidi', 'Clark', '2005-08-15', 10, 2020),
(139, 'Fay', 'Clark', '2008-08-08', 11, 2020),
(140, 'Grace', 'Brown', '2002-06-23', 11, 2020),
(141, 'Fay', 'Anderson', '1998-04-16', 11, 2020),
(142, 'Eve', 'Ivy', '2001-11-27', 11, 2022),
(143, 'Heidi', 'Davis', '2000-03-06', 11, 2023),
(144, 'Bob', 'Anderson', '2002-01-26', 11, 2021),
(145, 'Ivan', 'Davis', '1999-12-27', 11, 2021),
(146, 'Judy', 'Davis', '1998-10-25', 11, 2023),
(147, 'Bob', 'Ivy', '2013-03-20', 11, 2018),
(148, 'David', 'Evans', '2011-05-03', 11, 2018),
(149, 'Charlie', 'Davis', '2013-12-24', 11, 2020),
(150, 'Heidi', 'Anderson', '1997-08-10',11, 2020),
(151, 'Alice', 'Davis', '2003-03-27', 11, 2021),
(152, 'Bob', 'Green', '2007-02-28', 11, 2023),
(153, 'Charlie', 'Green', '2010-11-01', 11, 2019),
(154, 'Bob', 'Evans', '2015-10-02', 11, 2021),
(155, 'Heidi', 'Frank', '2002-03-23', 11, 2021),
(156, 'David', 'Anderson', '2013-05-05', 11, 2020),
(157, 'Grace', 'Evans', '2013-12-21', 12, 2020),
(158, 'Charlie', 'Johnson', '1999-02-05', 12, 2022),
(159, 'Grace', 'Green', '2018-06-23', 12, 2019),
(160, 'Bob', 'Hall', '1998-04-06', 12, 2020),
(161, 'Charlie', 'Johnson', '2011-11-28', 12, 2023),
(162, 'Bob', 'Davis', '2015-02-06', 12, 2023),
(163, 'Ivan', 'Clark', '2011-07-03', 12, 2021),
(164, 'Grace', 'Davis', '2015-06-05', 12, 2018),
(165, 'Grace', 'Evans', '1997-01-31', 4, 2018),
(166, 'Judy', 'Frank', '1996-05-28', 12, 2021),
(167, 'Eve', 'Green', '2011-02-06', 12, 2020),
(168, 'Alice', 'Ivy', '2017-11-14', 12, 2022),
(169, 'David', 'Davis', '2015-05-20', 12, 2021),
(170, 'Fay', 'Hall', '2015-10-30', 12, 2019),
(171, 'Fay', 'Anderson', '2008-08-28', 11, 2020),
(172, 'Judy', 'Johnson', '2018-02-17', 11, 2022),
(173, 'David', 'Ivy', '2018-04-25', 11, 2020),
(174, 'David', 'Johnson', '2003-04-21', 12, 2020),
(175, 'Bob', 'Green', '1997-12-11', 12, 2021),
(176, 'Bob', 'Ivy', '2016-12-03', 11, 2023),
(177, 'Eve', 'Evans', '2017-05-24', 11, 2020),
(178, 'Ivan', 'Hall', '2018-06-04', 4, 2018),
(179, 'Bob', 'Anderson', '2017-01-27', 11, 2018),
(180, 'Bob', 'Brown', '2002-08-10', 4, 2018),
(181, 'Heidi', 'Johnson', '2011-08-11', 12, 2019),
(182, 'Fay', 'Frank', '2004-08-08', 12, 2018),
(183, 'Fay', 'Brown', '1999-12-24', 12, 2022),
(184, 'Bob', 'Green', '2003-02-08', 12, 2020),
(185, 'Grace', 'Davis', '2006-03-30', 12, 2020),
(186, 'Grace', 'Clark', '2012-08-25', 11, 2018),
(187, 'Bob', 'Brown', '1999-06-25', 11, 2020),
(188, 'Fay', 'Anderson', '1998-08-25', 12, 2021),
(189, 'Eve', 'Hall', '2009-03-21', 12, 2021),
(190, 'Ivan', 'Hall', '2010-07-19', 12, 2022),
(191, 'Charlie', 'Hall', '2007-02-04', 9, 2019),
(192, 'Ivan', 'Hall', '2016-05-25', 9, 2019),
(193, 'Judy', 'Frank', '2016-05-30', 9, 2018),
(194, 'Charlie', 'Clark', '2012-08-01', 9, 2018),
(195, 'Ivan', 'Davis', '2011-05-09', 9, 2018),
(196, 'Grace', 'Clark', '2015-06-28', 9, 2019),
(197, 'Grace', 'Brown', '1996-07-17', 9, 2019),
(198, 'Judy', 'Johnson', '2014-01-31', 9, 2022),
(199, 'Alice', 'Brown', '2019-06-02', 9, 2022),
(200, 'Charlie', 'Evans', '2000-04-09', 9, 2020),
(201, 'Ivan', 'Green', '2006-12-31', 9, 2023),
(202, 'Fay', 'Green', '2009-09-06', 9, 2023),
(203, 'David', 'Johnson', '1997-12-25', 9, 2023),
(204, 'Judy', 'Green', '1999-10-24', 9, 2022),
(205, 'Eve', 'Evans', '1996-08-19', 7, 2018),
(206, 'Eve', 'Clark', '1996-05-07', 7, 2022),
(207, 'Fay', 'Green', '2011-01-22', 7, 2018),
(208, 'Judy', 'Anderson', '1998-12-14', 7, 2021),
(209, 'Judy', 'Ivy', '1998-09-12', 7, 2022),
(210, 'Grace', 'Frank', '1997-06-05', 6, 2022),
(211, 'Eve', 'Hall', '1997-05-17', 6, 2021),
(212, 'Eve', 'Frank', '2011-07-07', 6, 2018),
(213, 'Alice', 'Clark', '2004-05-05', 6, 2019),
(214, 'Charlie', 'Hall', '2015-12-05', 6, 2021),
(215, 'Ivan', 'Hall', '2003-04-05', 6, 2023),
(216, 'Bob', 'Green', '2011-09-24', 6, 2018),
(217, 'Eve', 'Clark', '1995-07-04', 6, 2022),
(218, 'Heidi', 'Hall', '2007-01-09', 6, 2020),
(219, 'Grace', 'Anderson', '2000-04-21', 6, 2019),
(220, 'David', 'Brown', '1995-05-04', 12, 2020),
(221, 'Bob', 'Johnson', '2003-11-05', 12, 2020),
(222, 'Ivan', 'Brown', '2004-04-07', 12, 2021),
(223, 'Grace', 'Evans', '2003-12-21', 5, 2019),
(224, 'Ivan', 'Hall', '2009-03-14', 5, 2022),
(225, 'Judy', 'Evans', '1995-09-13', 5, 2020),
(226, 'Bob', 'Green', '2008-03-21', 5, 2022),
(227, 'Eve', 'Brown', '2016-12-27', 5, 2021),
(228, 'Grace', 'Ivy', '2019-03-01', 5, 2020),
(229, 'David', 'Hall', '1996-05-12', 5, 2023),
(230, 'Grace', 'Brown', '2003-04-10', 5, 2019),
(231, 'Ivan', 'Brown', '2016-01-03', 5, 2021),
(232, 'Bob', 'Green', '2016-01-17', 5, 2021),
(233, 'Fay', 'Clark', '2018-11-03', 5, 2018),
(234, 'Ivan', 'Green', '1999-07-07', 5, 2022),
(235, 'Fay', 'Anderson', '2006-09-06', 5, 2022),
(236, 'Bob', 'Brown', '2012-03-18', 5, 2020),
(237, 'Ivan', 'Frank', '1997-05-31', 5, 2023),
(238, 'Eve', 'Johnson', '2007-12-06', 5, 2019),
(239, 'Ivan', 'Johnson', '2009-01-30', 5, 2021),
(240, 'Charlie', 'Brown', '2005-08-27', 5, 2019),
(241, 'Heidi', 'Johnson', '2016-02-09', 5, 2020),
(242, 'Heidi', 'Davis', '2017-06-08', 5, 2020),
(243, 'Fay', 'Johnson', '2010-12-14', 5, 2021),
(244, 'Fay', 'Davis', '2017-09-04', 5, 2022),
(245, 'David', 'Green', '2013-09-01', 5, 2020),
(246, 'David', 'Davis', '2015-07-04', 5, 2022),
(247, 'Ivan', 'Anderson', '2014-08-02', 5, 2022),
(248, 'David', 'Johnson', '2017-05-01', 5, 2023),
(249, 'Eve', 'Johnson', '2019-03-12', 5, 2019),
(250, 'Heidi', 'Evans', '1997-09-05', 5, 2018),
(251, 'Eve', 'Anderson', '2009-05-18', 6, 2018),
(252, 'Bob', 'Davis', '1998-03-20', 6, 2021),
(253, 'David', 'Ivy', '1999-01-05', 6, 2019),
(254, 'Charlie', 'Anderson', '1999-08-15', 6, 2021),
(255, 'Judy', 'Davis', '2016-08-29', 6, 2020),
(256, 'Grace', 'Anderson', '2006-01-16', 6, 2020),
(257, 'Alice', 'Brown', '1997-07-09', 6, 2020),
(258, 'Grace', 'Green', '2005-08-22', 6, 2020),
(259, 'Judy', 'Green', '2010-12-17', 6, 2022),
(260, 'David', 'Clark', '2018-11-11', 6, 2022),
(261, 'Ivan', 'Davis', '1997-03-20', 6, 2021),
(262, 'Grace', 'Hall', '2009-09-17', 6, 2020),
(263, 'Eve', 'Frank', '1995-03-23', 6, 2021),
(264, 'Heidi', 'Green', '2012-08-20', 6, 2018),
(265, 'Eve', 'Ivy', '2010-08-30', 6, 2023),
(266, 'Grace', 'Johnson', '1997-10-05', 6, 2022),
(267, 'Ivan', 'Brown', '2009-01-27', 6, 2018),
(268, 'Grace', 'Green', '2005-04-07', 6, 2022),
(269, 'Judy', 'Frank', '1998-06-18', 6, 2019),
(270, 'Ivan', 'Johnson', '1995-04-21', 6, 2022),
(271, 'David', 'Clark', '2003-12-05', 6, 2021),
(272, 'Ivan', 'Ivy', '2002-02-11', 6, 2022),
(273, 'Grace', 'Hall', '2019-05-30', 6, 2020),
(274, 'Ivan', 'Green', '2006-07-12', 7, 2018),
(275, 'Grace', 'Frank', '1995-09-24', 7, 2019),
(276, 'Alice', 'Davis', '2006-10-16', 7, 2022),
(277, 'Charlie', 'Brown', '1999-02-15', 7, 2020),
(278, 'Fay', 'Ivy', '2010-06-09', 7, 2022),
(279, 'Heidi', 'Davis', '1996-09-06', 7, 2019),
(280, 'Grace', 'Evans', '2000-04-12', 7, 2021),
(281, 'Eve', 'Green', '2014-10-18', 7, 2020),
(282, 'Fay', 'Davis', '2008-12-20', 7, 2023),
(283, 'Alice', 'Johnson', '2018-10-29', 7, 2022),
(284, 'Alice', 'Hall', '2005-04-06', 7, 2023),
(285, 'Eve', 'Green', '2010-07-08', 7, 2023),
(286, 'Bob', 'Frank', '1996-10-09', 7, 2021),
(287, 'Grace', 'Green', '2005-08-26', 7, 2021),
(288, 'Eve', 'Evans', '1998-05-20', 7, 2021),
(289, 'Bob', 'Clark', '2002-07-25', 7, 2019),
(290, 'Eve', 'Evans', '2018-04-18', 7, 2022),
(291, 'Grace', 'Ivy', '2003-05-23', 8, 2019),
(292, 'Heidi', 'Ivy', '2001-05-26', 8, 2020),
(293, 'David', 'Ivy', '1998-08-21', 8, 2021),
(294, 'Fay', 'Ivy', '2016-07-29', 8, 2022),
(295, 'Ivan', 'Clark', '2000-05-20', 8, 2019),
(296, 'Bob', 'Green', '1998-01-14', 8, 2021),
(297, 'Bob', 'Davis', '2001-05-30', 8, 2022),
(298, 'David', 'Evans', '2012-10-04', 8, 2020),
(299, 'Judy', 'Johnson', '2010-09-30', 8, 2020),
(300, 'Bob', 'Anderson', '1997-11-22', 8, 2018),
(301, 'Eve', 'Brown', '2007-10-31', 8, 2019),
(302, 'Judy', 'Anderson', '2005-08-04', 8, 2021),
(303, 'Bob', 'Clark', '2006-08-30', 8, 2021),
(304, 'Judy', 'Johnson', '2006-11-22', 8, 2022),
(305, 'Alice', 'Davis', '2017-12-28', 8, 2020),
(306, 'Bob', 'Hall', '2011-03-17', 8, 2021),
(307, 'Charlie', 'Green', '2004-03-26', 8, 2020),
(308, 'Bob', 'Ivy', '1995-11-29', 8, 2021),
(309, 'Heidi', 'Frank', '2006-04-11', 8, 2019),
(310, 'David', 'Brown', '2018-04-08', 8, 2021),
(311, 'Fay', 'Brown', '2018-06-30', 8, 2020),
(312, 'Fay', 'Clark', '2014-03-23', 8, 2021),
(313, 'Eve', 'Ivy', '2006-12-08', 8, 2020),
(314, 'Fay', 'Johnson', '1999-02-26', 8, 2023),
(315, 'Alice', 'Frank', '1997-07-21', 8, 2022),
(316, 'Alice', 'Johnson', '2019-02-10', 8, 2023),
(317, 'Judy', 'Green', '1995-04-21', 8, 2018),
(318, 'Alice', 'Ivy', '2015-04-29', 8, 2022),
(319, 'Alice', 'Green', '2019-06-29', 8, 2022),
(320, 'Bob', 'Clark', '2014-05-11', 8, 2018),
(321, 'Judy', 'Johnson', '2008-01-26', 8, 2021),
(322, 'David', 'Anderson', '2010-04-09', 8, 2023),
(323, 'Charlie', 'Johnson', '2012-05-16', 8, 2019),
(324, 'Charlie', 'Ivy', '2006-01-09', 8, 2023),
(325, 'Fay', 'Clark', '2014-02-25', 8, 2020),
(326, 'David', 'Ivy', '2015-07-08', 8, 2023),
(327, 'Fay', 'Evans', '2005-04-08', 8, 2023),
(328, 'Bob', 'Brown', '2011-03-10', 8, 2019),
(329, 'Alice', 'Green', '2016-02-25', 8, 2021),
(330, 'Heidi', 'Frank', '1995-07-22', 8, 2019),
(331, 'David', 'Evans', '1995-12-02', 8, 2020),
(332, 'Judy', 'Frank', '1997-04-03', 8, 2020),
(333, 'Charlie', 'Brown', '2016-02-02', 8, 2021),
(334, 'Eve', 'Anderson', '2011-05-22', 8, 2022),
(335, 'Alice', 'Clark', '2000-04-01', 8, 2021),
(336, 'Heidi', 'Davis', '1999-04-18', 8, 2022),
(337, 'Alice', 'Brown', '2002-06-28', 8, 2023),
(338, 'Ivan', 'Ivy', '2005-07-26', 8, 2023),
(339, 'Ivan', 'Davis', '2011-04-13', 9, 2019),
(340, 'Grace', 'Brown', '2016-01-14', 9, 2022),
(341, 'Heidi', 'Davis', '2013-03-03', 9, 2021),
(342, 'Eve', 'Green', '2011-04-14', 9, 2018),
(343, 'Bob', 'Brown', '2002-03-14', 9, 2020),
(344, 'Judy', 'Clark', '1998-08-06', 9, 2018),
(345, 'Grace', 'Clark', '2015-03-17', 9, 2023),
(346, 'Judy', 'Green', '2000-08-16', 9, 2021),
(347, 'David', 'Hall', '2014-06-13', 9, 2020),
(348, 'Alice', 'Evans', '2008-06-19', 9, 2018),
(349, 'Heidi', 'Evans', '2006-05-20', 9, 2018),
(350, 'Eve', 'Hall', '1995-10-19', 9, 2019),
(351, 'Heidi', 'Davis', '2013-04-22', 9, 2023),
(352, 'Fay', 'Johnson', '2007-10-29', 9, 2023),
(353, 'Bob', 'Evans', '2014-02-28', 9, 2022),
(354, 'Ivan', 'Anderson', '2008-06-10', 9, 2020),
(355, 'Alice', 'Davis', '2007-06-14', 10, 2019),
(356, 'Ivan', 'Evans', '2011-06-06', 12, 2022),
(357, 'Grace', 'Johnson', '2001-07-08', 4, 2022),
(358, 'Fay', 'Frank', '2015-11-07', 12, 2018),
(359, 'Bob', 'Anderson', '2016-12-12', 4, 2023),
(360, 'Charlie', 'Hall', '2005-12-29', 5, 2020),
(361, 'Ivan', 'Green', '2018-12-31', 12, 2018),
(362, 'Ivan', 'Frank', '2015-04-04', 11, 2020),
(363, 'Ivan', 'Hall', '1999-03-05', 11, 2023),
(364, 'Judy', 'Anderson', '1996-08-01', 9, 2019),
(365, 'Fay', 'Anderson', '2009-03-28', 9, 2018),
(366, 'Judy', 'Brown', '2008-11-27', 10, 2022),
(367, 'Bob', 'Anderson', '2007-02-09', 10, 2021),
(368, 'Judy', 'Frank', '2017-08-19', 10, 2019),
(369, 'Heidi', 'Anderson', '2000-12-22', 10, 2018),
(370, 'Judy', 'Ivy', '2000-10-06', 10, 2019),
(371, 'Ivan', 'Clark', '2015-12-26', 10, 2019),
(372, 'David', 'Clark', '2014-04-10', 10, 2021),
(373, 'Eve', 'Evans', '2002-05-16', 10, 2023),
(374, 'David', 'Frank', '2017-01-17', 10, 2021),
(375, 'Eve', 'Brown', '2014-05-15', 10, 2020),
(376, 'Charlie', 'Green', '1999-11-12', 10, 2022),
(377, 'David', 'Brown', '2013-05-02', 10, 2023),
(378, 'Alice', 'Johnson', '2000-04-23', 10, 2019),
(379, 'Fay', 'Johnson', '2010-05-09', 10, 2020),
(380, 'Heidi', 'Clark', '2010-06-19', 10, 2018),
(381, 'Fay', 'Frank', '2005-07-17', 10, 2021),
(382, 'Bob', 'Brown', '2008-07-06', 10, 2021),
(383, 'Charlie', 'Frank', '2003-07-11', 10, 2023),
(384, 'Charlie', 'Davis', '2001-07-11', 7, 2020),
(385, 'Charlie', 'Frank', '2010-03-29', 8, 2018),
(386, 'Ivan', 'Green', '2003-05-24', 6, 2022),
(387, 'Alice', 'Green', '2011-08-30', 6, 2023),
(388, 'Bob', 'Hall', '1999-09-28', 10, 2021),
(389, 'Alice', 'Davis', '2002-04-09', 12, 2020),
(390, 'Fay', 'Evans', '2010-08-22', 12, 2022),
(391, 'Judy', 'Frank', '1996-04-16', 11, 2019),
(392, 'Charlie', 'Hall', '2007-11-13', 8, 2019),
(393, 'Grace', 'Evans', '2011-08-14', 8, 2018),
(394, 'Grace', 'Frank', '1995-05-27', 8, 2018),
(395, 'Ivan', 'Brown', '1999-09-16', 8, 2022),
(396, 'Alice', 'Evans', '2006-06-18', 8, 2020),
(397, 'Grace', 'Frank', '2012-12-25', 8, 2022),
(398, 'Grace', 'Evans', '1996-03-02', 10, 2023),
(399, 'Charlie', 'Ivy', '2008-12-06', 12, 2021),
(400, 'Eve', 'Johnson', '2005-12-28', 12, 2020),
(401, 'Grace', 'Anderson', '1997-02-21', 12, 2023),
(402, 'Fay', 'Ivy', '2019-04-07', 12, 2020),
(403, 'Charlie', 'Anderson', '2017-12-25', 10, 2019),
(404, 'Bob', 'Davis', '1999-07-04', 12, 2018),
(405, 'Judy', 'Hall', '2013-05-12', 12, 2020),
(406, 'Ivan', 'Johnson', '2014-10-14', 11, 2023),
(407, 'Grace', 'Evans', '2015-06-29', 10, 2018),
(408, 'Fay', 'Davis', '2006-01-10', 12, 2023),
(409, 'Fay', 'Hall', '2014-10-19', 7, 2018),
(410, 'Grace', 'Davis', '2006-03-09', 7, 2021),
(411, 'Grace', 'Brown', '2011-10-10', 7, 2022),
(412, 'David', 'Ivy', '2013-11-25', 10, 2019),
(413, 'Judy', 'Frank', '2010-05-17', 7, 2021),
(414, 'Bob', 'Frank', '1996-04-25', 8, 2022),
(415, 'Charlie', 'Clark', '2002-04-17', 8, 2019),
(416, 'Charlie', 'Evans', '2019-08-15', 8, 2020),
(417, 'Charlie', 'Hall', '2011-07-11', 8, 2021),
(418, 'David', 'Ivy', '1996-01-28', 8, 2023),
(419, 'Bob', 'Johnson', '2005-11-14', 5, 2019),
(420, 'Ivan', 'Green', '2019-03-18', 5, 2020),
(421, 'Ivan', 'Johnson', '1996-06-13', 5, 2023),
(422, 'Heidi', 'Ivy', '2003-04-10', 5, 2020),
(423, 'Fay', 'Ivy', '1997-05-14', 5, 2019),
(424, 'Eve', 'Davis', '2005-03-17', 5, 2018),
(425, 'Heidi', 'Brown', '2016-03-08', 5, 2022),
(426, 'Alice', 'Clark', '1995-08-11', 5, 2018),
(427, 'Heidi', 'Hall', '2008-11-06', 5, 2019),
(428, 'Grace', 'Anderson', '2000-07-06', 8, 2020),
(429, 'Heidi', 'Hall', '2007-03-13', 6, 2018),
(430, 'Eve', 'Green', '2003-02-14', 6, 2021),
(431, 'Eve', 'Anderson', '2005-11-28', 6, 2019),
(432, 'Ivan', 'Hall', '2012-09-26', 6, 2019),
(433, 'Heidi', 'Ivy', '2003-07-11', 10, 2023),
(434, 'Ivan', 'Brown', '2014-04-01', 7, 2018),
(435, 'Eve', 'Ivy', '2002-02-26', 6, 2018),
(436, 'Charlie', 'Evans', '2015-03-14', 10, 2021),
(437, 'Judy', 'Clark', '2006-08-31', 11, 2018),
(438, 'Bob', 'Johnson', '1995-09-02', 12, 2019),
(439, 'Eve', 'Brown', '2001-08-20', 12, 2022),
(440, 'David', 'Clark', '2006-03-24', 12, 2023),
(441, 'Fay', 'Evans', '2005-10-22', 11, 2020),
(442, 'David', 'Brown', '2008-12-13', 11, 2019),
(443, 'Grace', 'Davis', '2009-08-28', 11, 2019),
(444, 'David', 'Clark', '2012-07-04', 12, 2018),
(445, 'Bob', 'Frank', '1996-01-27', 12, 2023),
(446, 'Fay', 'Hall', '2016-05-03', 12, 2018),
(447, 'Charlie', 'Green', '2006-02-13', 12, 2019),
(448, 'Ivan', 'Hall', '2005-12-22', 9, 2020),
(449, 'Judy', 'Hall', '2008-07-10', 9, 2020),
(450, 'Charlie', 'Ivy', '2012-04-17', 9, 2023),
(451, 'Grace', 'Clark', '2011-03-05', 9, 2022),
(452, 'David', 'Johnson', '1999-11-08', 9, 2023),
(453, 'Ivan', 'Davis', '1996-09-12', 4, 2018),
(454, 'Charlie', 'Hall', '2003-09-21',9, 2018),
(455, 'Charlie', 'Frank', '1996-05-08', 8, 2019),
(456, 'Grace', 'Ivy', '1996-08-26', 7, 2018),
(457, 'Eve', 'Clark', '2000-03-16', 6, 2020),
(458, 'Charlie', 'Green', '2016-06-23', 5, 2020),
(459, 'Ivan', 'Hall', '1999-09-16', 5, 2023),
(460, 'David', 'Hall', '2006-01-16', 5, 2022),
(461, 'Alice', 'Hall', '1995-04-28', 12, 2023),
(462, 'Bob', 'Brown', '2006-01-04', 10, 2018),
(463, 'David', 'Anderson', '2001-04-25', 10, 2020),
(464, 'Fay', 'Clark', '2004-05-21', 10, 2019),
(465, 'Alice', 'Ivy', '2007-11-15', 10, 2022),
(466, 'Bob', 'Brown', '2011-02-18', 10, 2022),
(467, 'Fay', 'Ivy', '2005-11-21', 12, 2019),
(468, 'Ivan', 'Green', '2001-03-06', 12, 2022),
(469, 'Fay', 'Clark', '2003-08-21', 12, 2023),
(470, 'Ivan', 'Evans', '2008-12-08', 8, 2021),
(471, 'Bob', 'Frank', '2014-08-04', 8, 2019),
(472, 'Grace', 'Evans', '2009-03-02', 8, 2023),
(473, 'David', 'Anderson', '2009-09-06', 8, 2022),
(474, 'Eve', 'Clark', '2015-05-03', 8, 2020),
(475, 'Grace', 'Evans', '2001-10-03', 8, 2021),
(476, 'Judy', 'Ivy', '2001-12-28', 8, 2018),
(477, 'Fay', 'Clark', '2012-12-12', 8, 2018),
(478, 'Fay', 'Frank', '2004-07-01', 8, 2020),
(479, 'Eve', 'Evans', '2018-08-14', 8, 2022),
(480, 'Alice', 'Frank', '2007-03-06', 8, 2021),
(481, 'Charlie', 'Green', '1996-12-17', 10, 2022),
(482, 'Judy', 'Clark', '2018-03-01', 12, 2023),
(483, 'Bob', 'Anderson', '2007-05-24', 12, 2019),
(484, 'Fay', 'Johnson', '2006-04-06', 7, 2021),
(485, 'Judy', 'Davis', '2005-04-22', 7, 2018),
(486, 'Charlie', 'Anderson', '2014-11-27', 7, 2019),
(487, 'Charlie', 'Ivy', '2000-11-01', 7, 2023),
(488, 'Eve', 'Clark', '2006-03-07', 7, 2021),
(489, 'Grace', 'Green', '1995-10-26', 5, 2021),
(490, 'Grace', 'Evans', '2008-07-18', 5, 2020),
(491, 'Grace', 'Johnson', '2003-03-06', 5, 2018),
(492, 'Fay', 'Green', '1996-08-16', 5, 2021),
(493, 'Judy', 'Clark', '2012-12-17', 5, 2018),
(494, 'David', 'Hall', '2006-08-01', 5, 2018),
(495, 'Grace', 'Johnson', '2012-07-18', 5, 2022),
(496, 'Judy', 'Hall', '2004-10-19', 5, 2019),
(497, 'David', 'Hall', '1998-11-09', 5, 2023),
(498, 'Eve', 'Johnson', '1997-07-25', 6, 2022),
(499, 'Heidi', 'Green', '1999-12-03', 6, 2018),
(500, 'Eve', 'Anderson', '2013-05-20', 6, 2023),
(501, 'David', 'Evans', '2010-02-21', 6, 2019),
(502, 'Judy', 'Johnson', '2007-06-25', 6, 2018),
(503, 'Grace', 'Clark', '2017-04-13', 6, 2020),
(504, 'Charlie', 'Ivy', '2017-03-13', 6, 2023),
(505, 'Charlie', 'Evans', '2011-12-26', 6, 2020),
(506, 'Judy', 'Clark', '2008-08-26', 6, 2022),
(507, 'Heidi', 'Ivy', '2004-04-14', 6, 2023),
(508, 'Grace', 'Clark', '2013-01-26', 6, 2019),
(509, 'Judy', 'Anderson', '2001-03-23', 6, 2019),
(510, 'Charlie', 'Green', '2008-11-21', 6, 2022),
(511, 'David', 'Green', '2015-05-13', 6, 2018),
(512, 'Fay', 'Clark', '2012-11-27', 6, 2023),
(513, 'Charlie', 'Ivy', '2014-01-05', 6, 2023),
(514, 'Eve', 'Hall', '2006-12-17', 7, 2022),
(515, 'Fay', 'Johnson', '2018-11-13', 7, 2019),
(516, 'Fay', 'Davis', '1995-10-31', 7, 2019),
(517, 'David', 'Davis', '2014-04-18', 7, 2020),
(518, 'Grace', 'Frank', '2019-04-26', 7, 2019),
(519, 'Eve', 'Davis', '1996-06-01', 7, 2020),
(520, 'Grace', 'Evans', '2001-07-09', 7, 2020),
(521, 'Alice', 'Johnson', '2005-02-11', 10, 2018),
(522, 'Grace', 'Davis', '2014-06-29', 10, 2021),
(523, 'Charlie', 'Johnson', '1997-01-10', 7, 2019),
(524, 'David', 'Frank', '2000-12-24', 7, 2022),
(525, 'Alice', 'Frank', '2012-10-14', 7, 2018),
(526, 'Alice', 'Ivy', '2008-07-21', 7, 2018),
(527, 'Bob', 'Brown', '1999-02-18', 7, 2019),
(528, 'Eve', 'Brown', '2016-05-06', 7, 2018),
(529, 'Ivan', 'Ivy', '1998-08-14', 8, 2022),
(530, 'Fay', 'Clark', '1997-12-28', 8, 2018),
(531, 'Ivan', 'Green', '2011-01-09', 8, 2019),
(532, 'David', 'Green', '2019-06-20', 8, 2020),
(533, 'Charlie', 'Johnson', '2003-03-30', 8, 2018),
(534, 'Charlie', 'Ivy', '2012-09-22', 8, 2019),
(535, 'David', 'Frank', '2017-11-09', 8, 2018),
(536, 'Alice', 'Ivy', '2001-12-06', 8, 2023),
(537, 'Bob', 'Davis', '2016-08-16', 8, 2019),
(538, 'David', 'Brown', '1996-04-23', 8, 2018),
(539, 'Ivan', 'Johnson', '2001-04-05', 8, 2023),
(540, 'Grace', 'Anderson', '2003-06-28', 8, 2019),
(541, 'Alice', 'Evans', '1997-01-22', 8, 2022),
(542, 'Heidi', 'Green', '2016-04-25', 8, 2022),
(543, 'Alice', 'Clark', '1998-07-23', 8, 2019),
(544, 'Fay', 'Frank', '2008-03-14', 8, 2018),
(545, 'Charlie', 'Clark', '2010-02-14', 8, 2022),
(546, 'Heidi', 'Johnson', '1999-11-01', 8, 2021),
(547, 'Bob', 'Evans', '1996-11-24', 8, 2022),
(548, 'Bob', 'Davis', '2004-04-26', 9, 2020),
(549, 'Eve', 'Hall', '1999-03-19', 9, 2019),
(550, 'Heidi', 'Frank', '2011-01-21', 9, 2018),
(551, 'Bob', 'Frank', '2007-02-03', 9, 2020),
(552, 'Charlie', 'Ivy', '2014-07-19', 9, 2018),
(553, 'David', 'Johnson', '1995-01-01', 9, 2020),
(554, 'Charlie', 'Brown', '2012-01-08', 9, 2020),
(555, 'Charlie', 'Ivy', '2005-06-26', 9, 2020),
(556, 'Ivan', 'Green', '2015-06-22', 9, 2019),
(557, 'David', 'Brown', '2019-05-21', 9, 2020),
(558, 'Alice', 'Brown', '2012-09-12', 9, 2022),
(559, 'Alice', 'Johnson', '2015-09-30', 9, 2021),
(560, 'Heidi', 'Brown', '1995-02-06', 10, 2020),
(561, 'Fay', 'Green', '2009-04-26', 12, 2023),
(562, 'Bob', 'Frank', '1996-01-14', 10, 2022),
(563, 'David', 'Davis', '2015-01-04', 10, 2018),
(564, 'Fay', 'Davis', '2007-10-26', 10, 2022),
(565, 'Alice', 'Clark', '2014-08-02', 10, 2019),
(566, 'Bob', 'Ivy', '2008-07-30', 10, 2019),
(567, 'Alice', 'Green', '2007-05-17', 10, 2023),
(568, 'Fay', 'Evans', '1999-01-02', 10, 2021),
(569, 'Fay', 'Davis', '2002-02-21', 10, 2021),
(570, 'Eve', 'Clark', '2005-11-18', 10, 2018),
(571, 'Fay', 'Davis', '2018-01-20', 10, 2019),
(572, 'Fay', 'Clark', '2000-07-09', 10, 2019),
(573, 'Grace', 'Anderson', '2018-03-20', 10, 2019),
(574, 'Heidi', 'Brown', '2017-09-16', 11, 2018),
(575, 'Heidi', 'Green', '2015-07-05', 11, 2023),
(576, 'Heidi', 'Davis', '2019-01-31', 11, 2018),
(577, 'David', 'Hall', '1999-01-20', 11, 2019),
(578, 'Charlie', 'Anderson', '1997-11-28', 12, 2020),
(579, 'Judy', 'Johnson', '2001-09-12', 11, 2019),
(580, 'Bob', 'Clark', '2014-02-12', 11, 2018),
(581, 'David', 'Clark', '2016-09-26', 11, 2018),
(582, 'Bob', 'Evans', '1995-08-21', 12, 2021),
(583, 'Ivan', 'Johnson', '2016-02-06', 12, 2022),
(584, 'Judy', 'Brown', '1999-05-22', 12, 2022),
(585, 'David', 'Ivy', '1997-10-13', 12, 2023),
(586, 'Charlie', 'Clark', '2005-04-24', 12, 2020),
(587, 'Charlie', 'Evans', '2008-07-14', 12, 2019),
(588, 'Ivan', 'Brown', '2011-01-27', 12, 2023),
(589, 'Grace', 'Ivy', '2013-05-31', 12, 2023),
(590, 'Grace', 'Frank', '2009-12-24', 11, 2018),
(591, 'Grace', 'Green', '2016-02-14', 10, 2021),
(592, 'Eve', 'Ivy', '2019-03-17', 10, 2022),
(593, 'David', 'Hall', '2004-09-09', 10, 2019),
(594, 'Eve', 'Johnson', '1997-01-08', 12, 2020),
(595, 'Heidi', 'Davis', '2018-04-09', 12, 2020),
(596, 'Bob', 'Johnson', '2017-04-29', 12, 2020),
(597, 'Eve', 'Evans', '2014-08-07', 12, 2018),
(598, 'Fay', 'Frank', '2007-08-09',10, 2023),
(599, 'Alice', 'Davis', '2017-11-21', 10, 2020),
(600, 'Eve', 'Hall', '2007-12-21', 2, 2021),
(601, 'David', 'Ivy', '2006-07-05', 10, 2019),
(602, 'Heidi', 'Johnson', '2004-09-05', 2, 2021),
(603, 'Alice', 'Johnson', '2012-11-22', 3, 2019),
(604, 'Charlie', 'Frank', '2011-09-26', 1, 2020),
(605, 'Fay', 'Anderson', '2012-01-09', 1, 2021),
(606, 'Ivan', 'Brown', '2003-07-16', 3, 2019),
(607, 'Ivan', 'Johnson', '2010-04-14', 4, 2019),
(608, 'Fay', 'Frank', '2011-08-24', 2, 2023),
(609, 'Heidi', 'Frank', '2003-10-28', 1, 2020),
(610, 'Charlie', 'Anderson', '2002-02-17', 4, 2022),
(611, 'Fay', 'Anderson', '2017-07-11', 4, 2020),
(612, 'Eve', 'Johnson', '1996-06-14', 4, 2020),
(613, 'Eve', 'Johnson', '2019-04-24', 2, 2019),
(614, 'Heidi', 'Evans', '2018-09-18', 2, 2018),
(615, 'Eve', 'Evans', '1999-01-24', 4, 2019),
(616, 'Fay', 'Anderson', '2010-10-20', 3, 2018),
(617, 'Charlie', 'Hall', '2013-04-21', 4, 2021),
(618, 'Eve', 'Ivy', '2009-08-20', 2, 2018),
(619, 'Heidi', 'Frank', '2010-07-28', 1, 2020),
(620, 'Ivan', 'Brown', '2009-11-19', 3, 2021),
(621, 'Ivan', 'Johnson', '1996-07-26', 2, 2021),
(622, 'Ivan', 'Davis', '2009-03-03', 4, 2019),
(623, 'Grace', 'Anderson', '1996-01-04', 4, 2023),
(624, 'Fay', 'Clark', '2012-11-29', 2, 2023),
(625, 'Bob', 'Anderson', '1995-08-20', 1, 2021),
(626, 'Judy', 'Johnson', '2015-11-29', 1, 2023),
(627, 'Judy', 'Frank', '2009-06-18', 4, 2023),
(628, 'Heidi', 'Clark', '2017-06-14', 2, 2020),
(629, 'Eve', 'Clark', '2018-07-12', 3, 2021),
(630, 'Grace', 'Frank', '2010-07-06', 1, 2022),
(631, 'Eve', 'Frank', '2010-06-11', 2, 2019),
(632, 'David', 'Hall', '2018-02-12', 4, 2019),
(633, 'Grace', 'Brown', '2019-05-03', 4, 2018),
(634, 'Charlie', 'Anderson', '1996-02-21', 3, 2021),
(635, 'Heidi', 'Evans', '2000-03-17', 3, 2020),
(636, 'Fay', 'Evans', '2011-02-12', 4, 2019),
(637, 'Eve', 'Clark', '1998-06-18', 2, 2019),
(638, 'Charlie', 'Green', '2014-01-16', 1, 2023),
(639, 'Eve', 'Frank', '1996-07-03', 3, 2023),
(640, 'Judy', 'Ivy', '2013-10-03', 3, 2018),
(641, 'Heidi', 'Ivy', '1998-05-04', 1, 2021),
(642, 'Ivan', 'Johnson', '1999-04-26', 4, 2019),
(643, 'Grace', 'Ivy', '2001-04-04', 4, 2018),
(644, 'Grace', 'Ivy', '1998-09-15', 2, 2022),
(645, 'Charlie', 'Clark', '2008-02-16', 3, 2018),
(646, 'Judy', 'Frank', '2010-07-15', 1, 2020),
(647, 'Fay', 'Evans', '2017-09-02', 4, 2020),
(648, 'Ivan', 'Brown', '2002-01-23', 1, 2023),
(649, 'Eve', 'Johnson', '1997-06-20', 1, 2023),
(650, 'Ivan', 'Frank', '2013-09-11', 3, 2018),
(651, 'David', 'Johnson', '2007-09-27', 3, 2023),
(652, 'David', 'Hall', '2000-03-13', 3, 2018),
(653, 'Heidi', 'Green', '2004-04-06', 4, 2023),
(654, 'Ivan', 'Brown', '2015-06-06', 2, 2022),
(655, 'Charlie', 'Davis', '2017-10-03', 4, 2020),
(656, 'Heidi', 'Brown', '2000-11-25', 4, 2023),
(657, 'Bob', 'Johnson', '2009-12-08', 1, 2021),
(658, 'Fay', 'Hall', '2008-04-01', 3, 2022),
(659, 'Grace', 'Ivy', '2001-05-08', 2, 2021),
(660, 'Eve', 'Ivy', '2009-08-22', 4, 2019),
(661, 'David', 'Anderson', '2013-01-16', 2, 2020),
(662, 'Bob', 'Johnson', '2011-02-05', 2, 2019),
(663, 'Bob', 'Evans', '1995-04-08', 4, 2023),
(664, 'Ivan', 'Anderson', '2013-10-06', 1, 2023),
(665, 'Alice', 'Brown', '2017-01-04', 4, 2018),
(666, 'Grace', 'Green', '2000-06-30', 3, 2018),
(667, 'Bob', 'Ivy', '1995-05-11', 2, 2021),
(668, 'Grace', 'Hall', '2002-04-13', 3, 2021),
(669, 'Ivan', 'Ivy', '2008-05-11', 4, 2023),
(670, 'Charlie', 'Frank', '2005-10-29', 4, 2018),
(671, 'Ivan', 'Frank', '2008-09-21', 1, 2018),
(672, 'Fay', 'Frank', '2003-03-25', 4, 2019),
(673, 'Grace', 'Johnson', '2010-10-27', 4, 2021),
(674, 'David', 'Hall', '2015-07-06', 2, 2018),
(675, 'Heidi', 'Davis', '2005-03-15', 2, 2022),
(676, 'Alice', 'Evans', '2007-06-20', 1, 2023),
(677, 'Eve', 'Anderson', '2008-11-19', 4, 2019),
(678, 'Judy', 'Ivy', '2007-10-22', 1, 2021),
(679, 'David', 'Clark', '2013-02-12', 1, 2022),
(680, 'Fay', 'Ivy', '2016-11-24', 2, 2020),
(681, 'Heidi', 'Johnson', '2018-06-16', 4, 2019),
(682, 'Bob', 'Ivy', '2008-07-26', 3, 2022),
(683, 'Fay', 'Brown', '1996-06-01', 1, 2023),
(684, 'David', 'Ivy', '1998-03-23', 3, 2019),
(685, 'Ivan', 'Evans', '2011-11-15', 4, 2018),
(686, 'Bob', 'Johnson', '2015-12-09', 2, 2022),
(687, 'Heidi', 'Green', '2001-10-19', 3, 2021),
(688, 'Grace', 'Davis', '2018-01-10', 1, 2020),
(689, 'Alice', 'Anderson', '2019-08-16', 4, 2022),
(690, 'Fay', 'Ivy', '2009-12-08', 2, 2018),
(691, 'Eve', 'Anderson', '2005-02-03', 2, 2019),
(692, 'Grace', 'Clark', '2002-04-17', 2, 2020),
(693, 'Alice', 'Johnson', '2014-02-21', 4, 2018),
(694, 'Heidi', 'Davis', '2006-12-21', 2, 2020),
(695, 'Bob', 'Frank', '1998-07-10', 4, 2020),
(696, 'Charlie', 'Clark', '2016-10-20', 2, 2021),
(697, 'Eve', 'Clark', '2014-02-27', 1, 2021),
(698, 'David', 'Davis', '2014-03-02', 1, 2018),
(699, 'Bob', 'Clark', '2000-11-28', 3, 2022),
(700, 'Charlie', 'Anderson', '1995-09-30', 2, 2019),
(701, 'Grace', 'Ivy', '2006-10-20', 2, 2022),
(702, 'Bob', 'Ivy', '2003-03-03', 2, 2020),
(703, 'Fay', 'Ivy', '2012-10-21', 2, 2020),
(704, 'Bob', 'Clark', '2009-04-08', 1, 2022),
(705, 'Fay', 'Clark', '1999-05-03', 1, 2023),
(706, 'Heidi', 'Frank', '2011-02-25', 2, 2022),
(707, 'Grace', 'Evans', '2007-09-14', 3, 2021),
(708, 'David', 'Green', '2001-07-04', 1, 2019),
(709, 'Charlie', 'Ivy', '2007-11-30', 3, 2021),
(710, 'Grace', 'Ivy', '2014-09-26', 2, 2018),
(711, 'Judy', 'Hall', '2003-09-17', 1, 2023),
(712, 'David', 'Hall', '2009-01-22', 4, 2018),
(713, 'Grace', 'Hall', '2009-02-28', 3, 2021),
(714, 'Alice', 'Hall', '2002-05-23', 3, 2021),
(715, 'Heidi', 'Clark', '1997-06-22', 3, 2022),
(716, 'Bob', 'Brown', '2015-04-16', 3, 2023),
(717, 'Alice', 'Davis', '1997-12-25', 1, 2019),
(718, 'Eve', 'Frank', '2018-05-09', 1, 2019),
(719, 'Ivan', 'Johnson', '2001-12-21', 4, 2020),
(720, 'Heidi', 'Ivy', '2011-09-02', 1, 2023),
(721, 'Ivan', 'Evans', '2001-04-03', 2, 2022),
(722, 'Ivan', 'Frank', '2013-02-04', 1, 2021),
(723, 'Bob', 'Frank', '2003-02-23', 4, 2018),
(724, 'Grace', 'Anderson', '2002-12-14', 2, 2021),
(725, 'David', 'Davis', '2009-10-31', 4, 2019),
(726, 'David', 'Davis', '2003-01-07', 3, 2021),
(727, 'Judy', 'Johnson', '2002-07-28', 2, 2021),
(728, 'Heidi', 'Hall', '2014-09-05', 1, 2022),
(729, 'Fay', 'Green', '2009-11-01', 1, 2019),
(730, 'Eve', 'Evans', '2005-12-27', 4, 2018),
(731, 'Bob', 'Frank', '2004-01-20', 2, 2019),
(732, 'David', 'Evans', '2004-04-29', 3, 2021),
(733, 'Alice', 'Ivy', '2004-06-25', 2, 2023),
(734, 'Fay', 'Brown', '2013-07-11', 3, 2020),
(735, 'Judy', 'Clark', '2003-11-21', 3, 2023),
(736, 'Ivan', 'Frank', '2000-04-22', 2, 2021),
(737, 'Fay', 'Davis', '2016-10-07', 1, 2020),
(738, 'Eve', 'Brown', '2000-06-27', 4, 2020),
(739, 'Eve', 'Evans', '2010-06-06', 3, 2023),
(740, 'Eve', 'Brown', '2012-02-27', 2, 2023),
(741, 'Alice', 'Evans', '2007-02-15', 4, 2023),
(742, 'David', 'Brown', '2018-09-09', 1, 2018),
(743, 'Ivan', 'Johnson', '2010-09-18', 2, 2022),
(744, 'Ivan', 'Evans', '2008-05-16', 3, 2021),
(745, 'Grace', 'Green', '2007-01-01', 3, 2020),
(746, 'Charlie', 'Frank', '1996-08-13', 1, 2022),
(747, 'Fay', 'Frank', '1995-03-25', 2, 2021),
(748, 'Eve', 'Johnson', '2012-05-15', 1, 2020),
(749, 'Heidi', 'Green', '1997-07-27', 3, 2018),
(750, 'David', 'Davis', '1999-06-06', 1, 2019),
(751, 'Bob', 'Green', '2017-06-20', 3, 2021),
(752, 'Eve', 'Brown', '2009-02-06', 1, 2023),
(753, 'Charlie', 'Frank', '2004-01-28', 4, 2021),
(754, 'Grace', 'Anderson', '2014-01-22', 1, 2023),
(755, 'Bob', 'Brown', '2002-04-18', 4, 2023),
(756, 'Fay', 'Hall', '2011-08-02', 4, 2021),
(757, 'David', 'Davis', '2008-11-30', 2, 2023),
(758, 'Fay', 'Green', '2002-08-01', 4, 2020),
(759, 'Heidi', 'Ivy', '2005-10-18', 1, 2018),
(760, 'Fay', 'Frank', '2009-09-30', 2, 2022),
(761, 'Heidi', 'Green', '1998-11-22', 4, 2021),
(762, 'David', 'Clark', '2003-04-25', 3, 2021),
(763, 'Alice', 'Johnson', '2016-04-03', 4, 2023),
(764, 'Charlie', 'Frank', '2017-02-10', 4, 2021),
(765, 'David', 'Johnson', '2012-06-28', 1, 2021),
(766, 'Fay', 'Brown', '2019-05-09', 2, 2022),
(767, 'Grace', 'Hall', '1997-04-21', 4, 2021),
(768, 'Fay', 'Clark', '2002-08-03', 4, 2019),
(769, 'Eve', 'Johnson', '2007-07-15', 2, 2020),
(770, 'Judy', 'Green', '2010-03-19', 1, 2019),
(771, 'Charlie', 'Clark', '1999-08-04', 1, 2021),
(772, 'Heidi', 'Hall', '2002-02-04', 4, 2019),
(773, 'Fay', 'Anderson', '2000-05-06', 2, 2021),
(774, 'David', 'Ivy', '2014-12-29', 4, 2022),
(775, 'David', 'Brown', '2015-03-31', 1, 2023),
(776, 'David', 'Clark', '2005-05-20', 3, 2021),
(777, 'Ivan', 'Hall', '2009-03-31', 3, 2019),
(778, 'Fay', 'Ivy', '2007-10-28', 2, 2022),
(779, 'Judy', 'Anderson', '2007-06-19', 4, 2020),
(780, 'Ivan', 'Green', '2009-12-27', 4, 2021),
(781, 'Judy', 'Green', '2015-09-02', 4, 2020),
(782, 'Bob', 'Evans', '2011-12-15', 1, 2020),
(783, 'Alice', 'Anderson', '2000-08-14', 3, 2021),
(784, 'David', 'Davis', '1999-07-09', 3, 2023),
(785, 'Charlie', 'Davis', '2014-01-11', 1, 2019),
(786, 'Charlie', 'Hall', '2001-12-27', 3, 2022),
(787, 'Grace', 'Brown', '2005-09-06', 3, 2020),
(788, 'Bob', 'Ivy', '2012-02-24', 2, 2023),
(789, 'Fay', 'Davis', '1995-01-29', 3, 2022),
(790, 'Fay', 'Evans', '2007-08-23', 1, 2023),
(791, 'Heidi', 'Brown', '1998-05-22', 2, 2022),
(792, 'Grace', 'Brown', '2015-04-17', 1, 2019),
(793, 'Charlie', 'Brown', '2009-04-22', 2, 2019),
(794, 'Charlie', 'Brown', '2018-03-22', 2, 2021),
(795, 'Ivan', 'Evans', '2001-10-17', 1, 2018),
(796, 'David', 'Hall', '1997-02-22', 3, 2021),
(797, 'David', 'Davis', '1999-10-31', 1, 2020),
(798, 'Charlie', 'Clark', '2008-06-21', 1, 2022),
(799, 'Eve', 'Ivy', '1997-01-16', 3, 2023),
(800, 'Alice', 'Green', '2008-07-05', 4, 2021);


-- Insert Enrollments data
INSERT INTO Enrollments (StudentID, CourseID, EnrollmentDate) VALUES
(563, 5, '2020-12-12'),
(301, 5, '2022-07-07'),
(249, 5, '2022-09-02'),
(628, 5, '2020-02-16'),
(234, 5, '2021-05-19'),
(50, 5, '2018-05-27'),
(725, 5, '2018-06-06'),
(591, 5, '2021-03-09'),
(742, 5, '2018-01-20'),
(574, 6, '2020-09-05'),
(363, 6, '2023-07-14'),
(447, 6, '2018-11-15'),
(786, 6, '2021-01-03'),
(755, 6, '2019-06-20'),
(620, 6, '2019-01-06'),
(743, 6, '2020-09-11'),
(65, 6, '2022-05-21'),
(451, 6, '2023-05-01'),
(29, 6, '2020-01-23'),
(491, 6, '2022-06-24'),
(594, 7, '2018-06-25'),
(317, 7, '2023-12-24'),
(134, 7, '2020-10-05'),
(332, 7, '2020-05-25'),
(615, 7, '2023-12-11'),
(538, 7, '2022-06-23'),
(54, 7, '2021-09-16'),
(626, 7, '2019-04-11'),
(160, 7, '2022-08-06'),
(527, 7, '2020-08-17'),
(445, 7, '2021-07-17'),
(78, 7, '2018-07-07'),
(291, 7, '2018-12-07'),
(238, 7, '2021-04-27'),
(302, 7, '2022-06-21'),
(487, 7, '2020-11-12'),
(209, 8, '2019-03-28'),
(432, 8, '2022-01-11'),
(668, 8, '2021-06-21'),
(273, 8, '2018-07-09'),
(471, 8, '2022-01-05'),
(625, 8, '2021-08-05'),
(89, 8, '2022-02-06'),
(728, 8, '2020-09-21'),
(488, 8, '2020-07-22'),
(74, 8, '2022-04-02'),
(97, 8, '2021-03-06'),
(523, 8, '2020-06-01'),
(698, 8, '2022-05-15'),
(311, 8, '2020-12-11'),
(699, 9, '2023-03-17'),
(59, 9, '2022-11-10'),
(279, 9, '2023-05-03'),
(75, 9, '2023-05-15'),
(336, 9, '2021-05-25'),
(758, 9, '2023-01-19'),
(490, 9, '2022-10-02'),
(178, 9, '2021-09-07'),
(663, 9, '2018-04-21'),
(132, 9, '2021-01-06'),
(774, 9, '2021-04-20'),
(14, 9, '2021-11-19'),
(506, 9, '2019-07-21'),
(722, 9, '2020-03-17'),
(24, 9, '2020-09-11'),
(294, 9, '2020-05-22'),
(752, 9, '2022-11-27'),
(601, 9, '2022-08-06'),
(775, 7, '2021-04-08'),
(559, 7, '2022-04-17'),
(357, 6, '2022-08-04'),
(697, 5, '2018-01-16'),
(83, 5, '2018-03-25'),
(417, 6, '2019-07-27'),
(161, 10, '2020-10-23'),
(345, 10, '2021-12-02'),
(578, 10, '2020-02-19'),
(232, 10, '2018-10-06'),
(654, 10, '2018-03-05'),
(792, 10, '2021-05-14'),
(135, 10, '2018-03-22'),
(684, 10, '2022-06-18'),
(8, 10, '2022-05-17'),
(671, 10, '2019-02-25'),
(99, 10, '2023-09-06'),
(557, 10, '2019-12-21'),
(730, 11, '2023-01-21'),
(614, 12, '2019-02-05'),
(729, 11, '2018-11-12'),
(457, 11, '2021-04-06'),
(269, 11, '2022-12-18'),
(351, 11, '2019-11-05'),
(7, 11, '2023-09-08'),
(799, 11, '2022-10-08'),
(99, 11, '2018-06-20'),
(162, 11, '2020-07-24'),
(326, 11, '2021-05-19'),
(578, 11, '2018-05-11'),
(163, 11, '2023-05-21'),
(315, 11, '2022-12-07'),
(497, 12, '2018-01-14'),
(450, 12, '2023-10-18'),
(218, 12, '2023-03-12'),
(569, 14, '2022-11-07'),
(766, 14, '2020-09-10'),
(459, 13, '2018-04-19'),
(18, 12, '2019-11-03'),
(778, 12, '2019-08-11'),
(392, 12, '2018-07-07'),
(629, 12, '2019-01-09'),
(499, 12, '2020-12-12'),
(523, 12, '2021-04-12'),
(27, 12, '2018-12-08'),
(612, 12, '2018-02-26'),
(721, 13, '2019-06-07'),
(386, 13, '2022-01-23'),
(663, 13, '2022-08-08'),
(208, 13, '2020-05-18'),
(425, 13, '2023-04-23'),
(273, 13, '2018-11-04'),
(242, 13, '2019-03-13'),
(637, 13, '2021-02-28'),
(53, 13, '2019-09-16'),
(428, 13, '2022-10-23'),
(322, 13, '2019-04-18'),
(666, 14, '2021-02-17'),
(534, 13, '2022-03-10'),
(443, 14, '2022-10-09'),
(535, 14, '2021-04-15'),
(767, 14, '2020-05-07'),
(69, 13, '2021-04-18'),
(334, 13, '2023-06-22'),
(703, 12, '2019-10-27'),
(695, 12, '2018-06-07'),
(703, 13, '2022-02-25'),
(432, 14, '2021-12-09'),
(313, 14, '2019-05-22'),
(570, 14, '2020-03-23'),
(213, 14, '2019-11-09'),
(80, 14, '2022-08-23'),
(174, 22, '2018-10-18'),
(520, 15, '2018-08-19'),
(81, 15, '2020-09-18'),
(727, 15, '2023-01-09'),
(4, 15, '2020-03-20'),
(333, 15, '2018-02-28'),
(254, 15, '2023-05-11'),
(358, 15, '2020-09-24'),
(277, 15, '2023-08-25'),
(182, 15, '2020-07-11'),
(590, 15, '2019-10-28'),
(69, 15, '2021-12-15'),
(511, 15, '2018-09-10'),
(437, 15, '2021-09-27'),
(142, 15, '2021-04-14'),
(390, 16, '2022-08-18'),
(72, 16, '2020-05-16'),
(123, 16, '2018-05-13'),
(652, 16, '2020-01-23'),
(754, 16, '2020-09-06'),
(308, 16, '2023-06-04'),
(466, 16, '2021-03-15'),
(348, 16, '2020-11-15'),
(165, 16, '2023-05-17'),
(355, 16, '2020-11-26'),
(646, 16, '2022-09-04'),
(400, 16, '2020-10-26'),
(93, 17, '2023-09-25'),
(695, 17, '2019-11-24'),
(12, 17, '2023-05-23'),
(721, 17, '2018-12-01'),
(184, 17, '2020-09-22'),
(603, 17, '2023-04-13'),
(335, 17, '2019-06-25'),
(450, 17, '2018-06-15'),
(758, 17, '2020-01-20'),
(215, 18, '2021-06-22'),
(263, 18, '2023-11-14'),
(521, 18, '2018-03-18'),
(787, 18, '2018-08-13'),
(619, 18, '2021-04-07'),
(500, 18, '2023-06-04'),
(628, 18, '2020-10-11'),
(216, 18, '2019-11-11'),
(547, 18, '2022-11-11'),
(359, 18, '2018-06-26'),
(517, 19, '2022-12-13'),
(92, 19, '2019-12-26'),
(49, 19, '2023-11-17'),
(422, 19, '2022-03-11'),
(234, 19, '2023-10-09'),
(131, 19, '2021-03-07'),
(702, 19, '2023-06-21'),
(468, 19, '2020-01-08'),
(245, 19, '2020-05-16'),
(234, 19, '2022-12-04'),
(118, 19, '2022-12-15'),
(480, 19, '2022-11-02'),
(659, 19, '2018-06-26'),
(480, 19, '2022-02-19'),
(800, 19, '2023-08-07'),
(529, 19, '2021-08-13'),
(406, 19, '2018-02-11'),
(20, 19, '2020-10-07'),
(590, 19, '2020-10-04'),
(745, 20, '2021-08-05'),
(432, 20, '2018-01-20'),
(266, 20, '2022-04-28'),
(528, 20, '2021-08-24'),
(726, 20, '2023-09-11'),
(742, 20, '2018-10-02'),
(352, 20, '2023-10-06'),
(228, 20, '2021-02-16'),
(258, 20, '2020-07-27'),
(375, 20, '2019-11-10'),
(795, 20, '2018-10-14'),
(245, 20, '2019-06-20'),
(206, 20, '2021-06-04'),
(479, 21, '2018-10-23'),
(141, 21, '2023-09-26'),
(452, 21, '2023-09-13'),
(722, 21, '2023-02-21'),
(396, 21, '2022-02-18'),
(42, 21, '2022-03-14'),
(282, 21, '2018-01-08'),
(44, 21, '2023-10-23'),
(456, 21, '2019-08-09'),
(277, 21, '2019-06-07'),
(713, 21, '2019-01-22'),
(326, 22, '2023-11-16'),
(210, 22, '2022-06-14'),
(658, 22, '2022-07-17'),
(394, 22, '2018-02-05'),
(150, 22, '2022-03-06'),
(721, 22, '2020-07-14'),
(665, 22, '2022-11-06'),
(692, 22, '2020-05-28'),
(180, 22, '2020-05-02'),
(398, 22, '2023-01-13'),
(609, 22, '2023-07-04'),
(542, 23, '2022-11-07'),
(166, 23, '2018-08-05'),
(283, 23, '2021-04-24'),
(94, 23, '2018-07-10'),
(229, 23, '2023-09-03'),
(585, 23, '2022-05-26'),
(697, 23, '2021-11-10'),
(722, 23, '2022-05-09'),
(787, 23, '2018-01-04'),
(657, 23, '2021-03-19'),
(136, 23, '2023-03-08'),
(644, 23, '2023-08-09'),
(767, 23, '2018-06-19'),
(208, 23, '2018-03-11'),
(335, 23, '2021-04-13'),
(52, 23, '2020-02-25'),
(679, 23, '2022-09-12'),
(104, 23, '2023-12-06'),
(387, 23, '2020-12-01'),
(298, 23, '2022-04-03'),
(538, 24, '2018-11-14'),
(767, 24, '2019-10-12'),
(342, 24, '2021-03-04'),
(248, 24, '2023-06-05'),
(595, 24, '2021-09-04'),
(140, 24, '2020-07-24'),
(361, 24, '2020-03-18'),
(52, 24, '2023-03-13'),
(425, 24, '2020-07-02'),
(430, 24, '2018-10-14'),
(438, 24, '2021-02-06'),
(166, 24, '2020-10-12'),
(560, 24, '2022-07-21'),
(41, 24, '2023-02-18'),
(629, 24, '2020-10-02'),
(196, 24, '2020-10-20'),
(793, 24, '2022-02-14'),
(537, 25, '2019-05-08'),
(769, 25, '2022-04-16'),
(23, 25, '2019-02-27'),
(342, 25, '2018-02-24'),
(123, 25, '2023-11-25'),
(516, 25, '2019-03-14'),
(661, 25, '2019-05-01'),
(699, 25, '2019-04-17'),
(61, 25, '2019-03-07');



INSERT INTO Enrollments (StudentID, CourseID, EnrollmentDate) VALUES
(262, 25, '2021-08-20'),
(761, 25, '2019-04-08'),
(10, 25, '2018-07-20'),
(711, 15, '2018-12-19'),
(640, 31, '2023-11-01'),
(326, 25, '2019-06-02'),
(141, 25, '2019-03-12'),
(279, 25, '2021-10-27'),
(216, 26, '2021-08-10'),
(728, 26, '2022-11-09'),
(613, 26, '2023-07-15'),
(77, 26, '2021-03-25'),
(85, 26, '2021-11-12'),
(760, 26, '2022-01-25'),
(526, 26, '2020-07-26'),
(231, 26, '2023-12-08'),
(40, 26, '2018-03-07'),
(541, 26, '2019-06-01'),
(179, 26, '2022-04-05'),
(790, 26, '2021-07-05'),
(89, 26, '2020-01-05'),
(260, 26, '2020-07-06'),
(70, 24, '2023-01-08'),
(261, 27, '2021-07-21'),
(247, 27, '2023-05-05'),
(565, 27, '2019-01-19'),
(410, 17, '2023-11-12'),
(25, 27, '2022-04-18'),
(398, 27, '2023-03-12'),
(91, 27, '2021-05-20'),
(201, 27, '2018-12-01'),
(498, 27, '2021-11-26'),
(17, 27, '2020-02-09'),
(692, 28, '2020-03-06'),
(721, 28, '2023-04-13'),
(157, 28, '2019-09-25'),
(130, 14, '2020-05-16'),
(25, 17, '2022-09-18'),
(632, 28, '2020-04-22'),
(489, 28, '2023-02-07'),
(671, 28, '2023-09-17'),
(372, 28, '2023-06-06'),
(401, 28, '2023-08-16'),
(699, 28, '2022-11-02'),
(631, 29, '2019-04-26'),
(387, 29, '2023-06-24'),
(705, 29, '2019-03-15'),
(646, 29, '2022-09-28'),
(237, 29, '2023-11-12'),
(209, 29, '2023-08-28'),
(522, 29, '2021-04-04'),
(379, 29, '2023-05-08'),
(256, 29, '2021-11-19'),
(685, 29, '2020-12-08'),
(786, 29, '2018-10-09'),
(264, 29, '2018-04-15'),
(43, 29, '2023-09-23'),
(757, 10, '2023-02-27'),
(762, 30, '2022-05-23'),
(722, 20, '2023-06-06'),
(104, 10, '2023-11-08'),
(154, 30, '2020-11-08'),
(462, 30, '2020-02-16'),
(203, 30, '2022-01-21'),
(541, 10, '2019-02-13'),
(100, 10, '2020-02-26'),
(525, 20, '2023-12-24'),
(742, 10, '2020-12-28'),
(92, 20, '2022-08-13'),
(734, 30, '2023-01-18'),
(56, 10, '2019-01-26'),
(29, 20, '2023-05-08'),
(304, 10, '2021-08-04'),
(36, 20, '2018-10-22'),
(648, 10, '2020-12-02'),
(468, 30, '2022-07-02'),
(319, 30, '2019-03-14'),
(62, 2, '2022-08-15'),
(26, 1, '2018-01-24'),
(791, 4, '2020-10-14'),
(364, 2, '2023-04-26'),
(130, 1, '2018-03-25'),
(360, 30, '2022-02-20'),
(60, 20, '2023-05-09'),
(38, 20, '2023-07-05'),
(519, 14, '2021-09-14'),
(168, 14, '2018-03-01'),
(641, 10, '2022-10-21'),
(410, 19, '2020-03-17'),
(70, 30, '2020-06-03'),
(269, 30, '2020-12-03'),
(368, 30, '2021-09-03'),
(754, 20, '2019-11-17'),
(425, 30, '2020-09-19'),
(662, 30, '2020-02-11'),
(93, 30, '2019-06-24'),
(138, 20, '2019-02-27'),
(447, 30, '2019-08-12'),
(754, 10, '2022-07-07'),
(734, 30, '2021-10-20'),
(45, 31, '2021-12-16'),
(608, 31, '2018-11-04'),
(309, 31, '2022-09-11'),
(194, 31, '2020-03-15'),
(487, 31, '2020-09-09'),
(773, 31, '2021-09-24'),
(789, 31, '2018-01-22'),
(149, 31, '2020-06-21'),
(38, 31, '2018-11-19'),
(479, 31, '2019-12-08'),
(454, 31, '2019-11-22'),
(614, 32, '2021-10-25'),
(415, 32, '2019-11-27'),
(183, 32, '2018-12-26'),
(355, 32, '2022-09-25'),
(345, 32, '2018-10-04'),
(581, 32, '2019-03-27'),
(704, 32, '2020-12-25'),
(143, 32, '2018-12-23'),
(703, 32, '2023-11-21'),
(747, 32, '2023-11-01'),
(186, 31, '2022-04-10'),
(764, 32, '2018-10-11'),
(548, 31, '2022-07-26'),
(428, 1, '2018-03-20'),
(586, 4, '2022-12-04'),
(617, 10, '2022-02-23'),
(100, 11, '2022-02-23'),
(443, 13, '2023-02-27'),
(625, 17, '2023-09-22'),
(107, 18, '2019-12-13'),
(378, 27, '2021-05-19'),
(325, 24, '2023-02-22'),
(720, 2, '2020-01-14'),

(307, 10, '2020-03-25'),
(783, 10, '2018-01-20'),
(569, 20, '2022-12-11'),
(213, 10, '2021-05-28'),
(664, 14, '2020-03-20'),
(702, 31, '2023-08-26'),
(656, 13, '2019-02-05'),
(131, 5, '2022-10-27'),
(539, 4, '2021-12-23'),
(427, 22, '2023-05-03'),
(758, 30, '2020-08-23'),
(433, 12, '2022-06-08'),
(712, 20, '2019-01-20'),
(503, 10, '2018-11-25'),
(797, 14, '2018-03-10'),
(51, 30, '2023-04-19'),
(743, 31, '2019-03-06'),
(715, 28, '2020-10-19'),
(107, 24, '2020-02-20'),
(165, 2, '2022-06-24'),
(249, 3, '2018-02-21'),
(306, 3, '2021-07-26'),
(51, 4, '2019-04-10'),
(284, 4, '2023-03-09'),
(37, 3, '2019-06-19'),
(48, 1, '2018-01-07'),
(18, 4, '2023-05-19'),
(722, 3, '2023-12-20'),
(123, 4, '2021-07-22'),
(648, 2, '2020-07-16'),
(386, 1, '2020-06-16'),
(338, 1, '2019-09-15'),
(137, 2, '2021-08-21'),
(646, 1, '2018-09-22'),
(652, 4, '2019-04-03'),
(201, 1, '2018-10-04'),
(783, 1, '2018-05-20'),
(168, 4, '2021-08-27'),
(662, 2, '2018-07-02'),
(522, 4, '2018-09-07'),
(94, 4, '2020-08-23'),
(617, 1, '2019-09-19'),
(170, 3, '2021-04-07'),
(535, 3, '2018-07-22'),
(23, 4, '2020-02-13'),
(470, 2, '2021-11-18'),
(740, 2, '2023-04-08'),
(327, 4, '2019-08-12'),
(419, 1, '2022-07-27'),
(752, 4, '2021-11-22'),
(340, 1, '2023-01-04'),
(503, 2, '2021-10-01'),
(794, 2, '2018-12-11'),
(280, 1, '2019-12-09'),
(220, 1, '2022-09-26'),
(416, 2, '2020-04-26'),
(558, 1, '2022-10-14'),
(539, 2, '2019-10-24'),
(243, 4, '2021-01-02'),
(727, 2, '2023-05-28'),
(101, 3, '2022-08-01'),
(149, 4, '2019-02-08'),
(282, 4, '2023-09-28'),
(486, 3, '2021-04-21'),
(509, 2, '2019-07-11'),
(353, 1, '2023-09-16'),
(369, 1, '2023-05-11'),
(479, 4, '2018-07-20'),
(174, 2, '2018-03-17'),
(385, 2, '2018-05-08'),
(137, 1, '2023-07-17'),
(57, 4, '2020-02-16'),
(660, 2, '2023-06-22'),
(462, 1, '2020-08-03'),
(472, 2, '2022-12-26'),
(362, 1, '2022-06-21'),
(303, 1, '2022-12-10'),
(498, 4, '2018-08-20'),
(638, 1, '2021-11-21'),
(426, 1, '2023-01-24'),
(158, 1, '2019-07-27'),
(72, 1, '2019-12-05'),
(715, 4, '2023-06-01'),
(452, 2, '2018-07-11'),
(613, 2, '2023-12-19'),
(691, 3, '2019-10-25'),
(785, 1, '2022-02-05'),
(420, 1, '2018-01-04'),
(428, 3, '2018-01-06'),
(105, 1, '2021-12-07'),
(705, 1, '2020-10-14'),
(126, 2, '2020-02-11'),
(749, 3, '2022-01-24'),
(135, 3, '2019-11-04'),
(781, 4, '2023-11-01'),
(569, 1, '2018-04-14'),
(270, 1, '2021-01-24'),
(170, 1, '2018-08-07'),
(745, 2, '2022-05-26'),
(340, 4, '2022-12-19'),
(309, 3, '2021-03-20'),
(666, 4, '2019-03-23'),
(1, 3, '2018-12-06'),
(110, 1, '2020-01-26'),
(613, 1, '2019-12-18'),
(442, 2, '2023-07-08'),
(36, 1, '2019-03-12'),
(466, 4, '2018-05-21'),
(754, 1, '2019-03-16'),
(714, 2, '2023-11-20'),
(599, 3, '2021-12-24'),
(282, 3, '2019-03-05'),
(745, 2, '2022-06-10'),
(485, 3, '2021-02-01'),
(273, 2, '2021-06-10'),
(143, 3, '2018-11-01'),
(602, 1, '2019-04-27'),
(38, 2, '2019-04-10'),
(153, 1, '2019-10-25'),
(413, 2, '2022-09-17'),
(415, 4, '2023-03-26'),
(633, 1, '2021-01-07'),
(268, 2, '2021-06-22'),
(101, 4, '2022-10-17'),
(477, 1, '2018-03-13'),
(185, 4, '2019-02-07'),
(456, 3, '2020-09-22'),
(463, 4, '2018-03-01'),
(313, 4, '2022-03-09'),
(650, 2, '2020-02-12'),
(237, 1, '2022-04-09'),
(452, 4, '2018-02-09'),
(410, 3, '2018-09-22'),
(313, 3, '2019-09-10'),
(509, 1, '2020-07-05'),
(429, 4, '2021-11-19'),
(617, 3, '2022-02-26'),
(70, 4, '2020-01-14'),
(353, 3, '2019-05-16'),
(422, 4, '2018-09-05'),
(496, 1, '2019-05-23'),
(769, 3, '2020-05-12'),
(419, 2, '2021-06-19'),
(732, 3, '2020-11-13'),
(351, 4, '2019-11-15'),
(536, 2, '2020-02-04'),
(661, 2, '2018-04-19'),
(126, 2, '2019-08-04'),
(416, 1, '2021-01-18'),
(465, 2, '2021-05-25'),
(253, 2, '2021-06-25'),
(340, 3, '2022-06-04'),
(648, 2, '2020-04-11'),
(470, 2, '2021-08-06'),
(426, 1, '2019-02-16'),
(718, 4, '2020-05-10'),
(236, 4, '2022-12-11'),
(719, 2, '2018-06-13'),
(202, 3, '2020-08-08'),
(146, 3, '2019-11-13'),
(84, 3, '2022-03-24'),
(75, 3, '2020-01-18'),
(113, 3, '2020-05-18'),
(786, 1, '2019-09-11'),
(710, 3, '2020-02-19'),
(655, 4, '2019-01-12'),
(792, 3, '2019-12-09'),
(414, 1, '2018-11-25'),
(40, 3, '2021-08-14'),
(741, 1, '2022-01-24'),
(537, 3, '2018-07-18'),
(499, 3, '2018-12-14'),
(652, 1, '2019-06-11'),
(283, 3, '2023-09-07'),
(154, 3, '2021-03-14'),
(683, 2, '2020-02-11'),
(250, 3, '2020-11-15'),
(759, 2, '2019-05-01'),
(592, 4, '2020-11-14'),
(158, 4, '2020-12-13'),
(135, 4, '2019-03-19'),
(620, 3, '2023-03-14'),
(666, 1, '2020-10-20'),
(774, 3, '2019-04-24'),
(201, 3, '2022-09-20'),
(590, 3, '2022-03-02'),
(301, 3, '2018-07-22'),
(369, 3, '2020-07-28'),
(641, 1, '2021-08-14'),
(576, 1, '2020-07-12'),
(199, 3, '2018-06-07'),
(568, 2, '2023-05-14'),
(717, 2, '2019-08-24'),
(557, 1, '2019-03-22'),
(94, 1, '2022-01-27'),
(138, 2, '2020-05-19'),
(318, 4, '2020-02-28'),
(439, 1, '2022-07-16'),
(481, 2, '2018-02-07'),
(41, 3, '2019-12-08'),
(463, 4, '2023-04-14'),
(506, 1, '2023-11-22'),
(300, 4, '2018-08-27'),
(551, 1, '2018-03-03'),
(211, 3, '2018-05-15'),
(438, 3, '2023-09-16'),
(90, 1, '2021-02-27'),
(24, 1, '2023-08-09'),
(277, 2, '2021-10-01'),
(565, 4, '2023-12-16'),
(58, 1, '2020-11-25'),
(308, 4, '2019-12-04'),
(187, 4, '2021-04-26'),
(549, 2, '2021-09-23'),
(55, 3, '2021-08-14'),
(424, 2, '2022-12-08'),
(440, 4, '2020-07-07'),
(567, 1, '2021-05-22'),
(296, 4, '2020-02-05'),
(167, 3, '2018-08-24'),
(297, 1, '2023-02-25'),
(228, 4, '2020-07-12'),
(365, 2, '2021-10-15'),
(524, 3, '2019-07-11'),
(344, 2, '2019-09-02'),
(98, 1, '2023-09-09'),
(695, 3, '2021-12-06'),
(538, 4, '2022-02-25'),
(254, 1, '2019-05-21'),
(42, 1, '2019-09-23'),
(562, 2, '2020-12-07'),
(441, 3, '2021-10-16'),
(223, 4, '2019-07-19'),
(240, 4, '2020-01-15'),
(36, 1, '2019-01-20'),
(480, 2, '2018-09-28'),
(632, 4, '2020-05-02'),
(358, 3, '2022-10-20'),
(496, 4, '2018-09-17'),
(580, 2, '2019-03-28'),
(696, 3, '2023-08-25'),
(213, 1, '2018-03-27'),
(211, 1, '2023-10-17'),
(677, 1, '2020-01-04'),
(500, 3, '2021-01-02'),
(343, 1, '2021-10-22'),
(432, 2, '2018-07-15'),
(302, 3, '2022-06-13'),
(776, 4, '2018-03-08'),
(62, 3, '2019-06-28'),
(225, 1, '2023-04-05'),
(230, 1, '2021-01-18'),
(273, 3, '2019-10-06'),
(85, 3, '2021-12-13'),
(664, 4, '2020-06-28'),
(227, 2, '2023-12-02'),
(706, 3, '2019-09-13'),
(42, 4, '2019-11-07'),
(689, 2, '2019-04-20'),

(346, 3, '2023-03-15'),
(528, 3, '2020-07-07'),
(520, 2, '2018-12-04'),
(408, 1, '2018-09-26'),
(327, 2, '2022-12-15'),
(335, 4, '2020-12-24'),
(214, 2, '2020-04-03'),
(124, 2, '2022-10-13'),
(350, 3, '2018-06-24'),
(313, 2, '2019-06-26'),
(553, 2, '2020-12-10'),
(57, 4, '2021-04-21'),
(622, 1, '2021-12-03'),
(84, 1, '2018-04-28'),
(137, 2, '2020-02-04'),
(135, 3, '2022-04-09'),
(171, 3, '2019-01-27'),
(144, 3, '2019-08-09'),
(701, 1, '2019-04-06'),
(223, 4, '2022-07-11'),
(670, 3, '2019-11-03'),
(509, 2, '2020-03-02'),
(414, 1, '2020-06-06'),
(731, 3, '2020-10-05'),
(578, 4, '2023-11-26'),
(98, 1, '2019-06-08'),
(745, 3, '2020-12-13'),
(174, 2, '2023-04-16'),
(270, 4, '2018-05-17'),
(172, 2, '2019-11-24'),
(520, 1, '2019-11-15'),
(143, 1, '2020-01-23'),
(634, 4, '2018-07-01'),
(712, 2, '2020-08-24'),
(539, 2, '2023-03-03'),
(43, 1, '2021-08-13'),
(621, 4, '2021-07-27'),
(499, 2, '2018-12-04'),
(270, 1, '2022-01-18'),
(185, 1, '2023-12-07'),
(46, 3, '2018-05-18'),
(4, 1, '2020-08-26'),
(211, 3, '2023-02-06'),
(300, 4, '2022-03-12'),
(773, 1, '2019-01-15'),
(687, 3, '2021-12-27'),
(3, 3, '2022-01-02'),
(144, 1, '2023-11-20'),
(96, 1, '2022-10-16'),
(51, 2, '2022-09-19'),
(152, 3, '2019-08-01'),
(452, 4, '2023-08-11'),
(364, 1, '2018-10-21'),
(287, 3, '2020-06-17'),
(667, 2, '2019-07-14'),
(752, 3, '2020-11-03'),
(768, 4, '2018-03-07'),
(459, 1, '2020-10-12'),
(757, 2, '2018-09-09'),
(50, 2, '2018-02-27'),
(659, 3, '2019-04-07'),
(651, 3, '2020-12-02'),
(288, 12, '2022-11-18'),
(683, 13, '2020-06-23'),
(174, 31, '2018-01-17'),
(155, 24, '2021-01-11'),
(368, 4, '2023-07-11'),
(739, 25, '2021-08-02'),
(374, 21, '2022-02-09'),
(593, 14, '2021-07-13'),
(219, 29, '2022-01-22'),
(313, 7, '2022-10-17'),
(734, 2, '2021-09-07'),
(535, 5, '2023-02-22'),
(378, 6, '2018-12-24'),
(187, 12, '2018-09-20'),
(110, 21, '2020-09-14'),
(34, 23, '2018-11-10'),
(318, 2, '2023-05-13'),
(8, 2, '2020-06-24'),
(157, 2, '2020-11-07'),
(233, 1, '2022-10-12'),
(320, 3, '2023-06-05'),
(467, 3, '2019-03-12'),
(628, 1, '2021-10-05'),
(263, 3, '2018-09-01'),
(517, 2, '2021-10-04'),
(341, 2, '2019-06-08'),
(607, 2, '2021-04-23'),
(338, 2, '2021-07-20'),
(26, 3, '2019-06-15'),
(630, 4, '2018-10-09'),
(470, 1, '2022-08-09'),
(518, 4, '2018-01-01'),
(588, 3, '2021-04-05'),
(241, 1, '2021-03-09'),
(470, 2, '2019-12-21'),
(480, 2, '2023-10-17'),
(503, 1, '2019-01-01'),
(744, 2, '2018-12-21'),
(107, 1, '2021-07-18'),
(730, 1, '2021-02-13'),
(596, 1, '2023-11-14'),
(595, 4, '2021-01-09'),
(40, 1, '2023-10-14'),
(81, 2, '2021-01-27'),
(395, 2, '2021-12-05'),
(382, 2, '2021-01-05'),
(353, 4, '2018-11-03'),
(658, 3, '2023-08-16'),
(637, 1, '2021-03-11'),
(479, 3, '2019-03-08'),
(337, 4, '2022-06-10'),
(737, 2, '2018-05-12'),
(376, 3, '2018-04-04'),
(158, 4, '2019-03-19'),
(252, 2, '2022-10-15'),
(635, 1, '2021-02-23'),
(32, 2, '2022-02-28'),
(376, 1, '2020-04-12'),
(417, 1, '2018-06-23'),
(699, 3, '2023-11-04'),
(110, 3, '2019-09-15'),
(741, 4, '2022-05-28'),
(750, 4, '2021-06-08'),
(110, 1, '2022-02-24'),
(120, 4, '2022-03-24'),
(521, 2, '2021-03-13'),
(625, 4, '2018-06-09'),
(725, 2, '2018-06-21'),
(562, 4, '2023-10-15'),
(791, 1, '2019-09-16'),
(553, 4, '2019-08-18'),
(27, 4, '2019-11-26'),
(59, 3, '2019-04-26'),
(455, 2, '2022-01-01'),
(436, 2, '2020-05-03'),
(30, 3, '2020-06-23'),
(165, 3, '2020-10-19'),
(481, 1, '2023-05-09'),
(135, 1, '2018-10-26'),
(677, 1, '2022-04-10'),
(699, 3, '2023-05-15'),
(353, 1, '2022-12-16'),
(520, 2, '2021-12-05'),
(370, 4, '2022-11-22'),
(159, 1, '2018-04-09'),
(551, 3, '2021-08-08'),
(261, 1, '2023-08-28'),
(91, 4, '2020-10-20'),
(251, 2, '2022-03-26'),
(109, 3, '2021-09-26'),
(634, 4, '2020-11-21'),
(665, 1, '2022-04-25'),
(117, 4, '2022-11-23'),
(557, 1, '2018-03-20'),
(583, 1, '2022-11-10'),
(732, 1, '2021-03-02'),
(252, 2, '2022-04-20'),
(670, 3, '2022-01-25'),
(273, 3, '2023-07-05'),
(113, 1, '2020-03-12'),
(721, 2, '2023-11-19'),
(629, 1, '2020-07-15'),
(266, 4, '2019-03-13'),
(178, 1, '2019-05-03'),
(197, 3, '2021-03-03'),
(681, 1, '2018-12-27'),
(444, 4, '2022-03-25'),
(128, 4, '2018-06-08'),
(183, 3, '2021-03-03'),
(638, 3, '2020-09-16'),
(653, 2, '2018-04-11'),
(222, 2, '2022-11-19'),
(402, 4, '2022-08-08'),
(60, 4, '2020-08-27'),
(455, 2, '2018-02-13'),
(766, 3, '2021-12-14'),
(159, 1, '2018-01-08'),
(660, 4, '2022-01-20'),
(623, 3, '2018-08-26'),
(674, 4, '2019-10-08'),
(724, 2, '2023-07-26'),
(171, 4, '2018-12-26'),
(427, 4, '2019-03-27'),
(510, 1, '2018-11-08'),
(566, 1, '2022-01-25'),
(399, 3, '2022-04-15'),
(265, 4, '2020-10-12'),
(613, 1, '2022-05-16'),
(500, 2, '2018-10-04'),
(703, 1, '2023-08-14'),
(91, 1, '2020-05-17'),
(122, 1, '2018-05-28'),
(633, 2, '2018-05-27'),
(372, 2, '2020-08-18'),
(384, 3, '2023-09-08'),
(401, 1, '2019-09-16'),
(576, 2, '2023-10-05'),
(477, 1, '2019-04-21'),
(610, 1, '2020-04-01'),
(228, 2, '2019-05-05'),
(392, 4, '2020-08-26'),
(153, 3, '2019-02-28'),
(481, 4, '2020-01-21'),
(447, 2, '2018-01-10'),
(5, 4, '2021-05-15'),
(704, 2, '2023-08-18'),
(780, 4, '2020-08-07'),
(469, 3, '2020-08-25'),
(99, 4, '2022-05-07'),
(16, 2, '2023-05-21'),
(388, 4, '2023-08-23'),
(378, 2, '2021-09-16'),
(357, 3, '2019-03-11'),
(78, 3, '2022-02-13'),
(663, 1, '2021-06-13'),
(443, 2, '2020-01-18'),
(17, 2, '2019-05-22'),
(661, 2, '2022-09-27'),
(597, 3, '2020-04-12'),
(354, 3, '2021-07-19'),
(748, 1, '2020-06-28'),
(761, 3, '2018-12-17'),
(338, 2, '2020-08-19'),
(758, 4, '2023-08-13'),
(10, 1, '2020-10-20'),
(497, 4, '2018-02-17'),
(499, 4, '2019-12-14'),
(766, 3, '2021-11-01'),
(582, 1, '2021-10-13'),
(588, 3, '2020-02-22'),
(633, 4, '2020-02-28'),
(153, 2, '2021-12-27'),
(362, 1, '2018-02-03'),
(266, 2, '2023-10-18'),
(69, 1, '2019-06-10'),
(79, 2, '2021-04-12'),
(355, 4, '2023-05-03'),
(354, 4, '2018-11-15'),
(366, 4, '2019-08-27'),
(223, 2, '2021-06-17'),
(453, 2, '2019-11-06'),
(322, 2, '2018-08-24'),
(372, 3, '2021-10-28'),
(742, 2, '2018-03-21'),
(265, 1, '2018-02-14'),
(163, 4, '2019-12-12'),
(141, 4, '2022-02-01'),
(65, 2, '2020-02-07'),
(583, 4, '2018-08-01'),
(86, 3, '2020-01-11'),
(328, 2, '2021-03-27'),
(590, 3, '2021-06-27'),
(714, 4, '2020-02-20'),
(744, 3, '2019-09-25'),
(251, 2, '2020-07-22'),
(382, 3, '2022-11-21'),
(677, 1, '2022-08-24'),
(351, 4, '2018-03-22'),
(239, 1, '2022-06-15'),
(212, 2, '2023-03-09'),
(585, 2, '2018-05-22'),
(751, 4, '2019-12-09'),
(26, 1, '2023-03-24'),
(247, 3, '2018-06-25'),
(270, 3, '2020-10-20'),
(456, 3, '2020-04-28'),
(398, 4, '2021-01-03'),
(742, 1, '2019-09-17'),
(699, 2, '2022-01-18'),
(532, 3, '2021-10-13'),
(254, 1, '2023-07-07'),
(502, 1, '2022-12-13'),
(46, 3, '2022-03-09'),
(526, 1, '2018-08-19'),
(183, 3, '2023-07-28'),
(569, 2, '2020-12-19'),
(370, 2, '2023-11-19'),
(133, 4, '2023-05-21'),
(74, 4, '2020-08-18'),
(195, 4, '2022-11-27'),
(338, 1, '2020-10-18'),
(722, 3, '2019-02-16'),
(697, 4, '2019-02-19'),
(461, 4, '2019-10-04'),
(230, 2, '2019-10-23'),
(680, 4, '2020-08-20'),
(168, 1, '2020-07-12'),
(678, 4, '2019-05-11'),
(764, 3, '2020-07-12'),
(190, 4, '2019-02-19'),
(663, 2, '2020-03-23'),
(22, 4, '2018-05-01'),
(701, 2, '2022-06-16'),
(782, 2, '2021-01-02'),
(562, 2, '2020-02-03'),
(778, 1, '2023-06-14'),
(281, 4, '2022-07-28'),
(483, 1, '2020-05-24'),
(310, 3, '2022-02-07'),
(108, 4, '2018-11-25'),
(511, 3, '2021-03-17'),
(453, 3, '2021-04-17'),
(393, 20, '2020-04-28'),
(488, 14, '2018-10-25'),
(500, 14, '2021-01-05'),
(10, 30, '2018-11-13'),
(631, 4, '2022-12-15'),
(195, 4, '2018-08-03'),
(770, 3, '2020-05-24'),
(608, 1, '2019-07-14'),
(743, 3, '2021-11-20'),
(218, 1, '2021-08-27'),
(441, 3, '2022-04-28'),
(738, 3, '2018-09-24'),
(531, 1, '2023-04-20'),
(256, 4, '2022-05-06'),
(769, 2, '2021-02-18'),
(557, 3, '2022-03-15'),
(364, 4, '2023-06-06');

 
-- Insert Attendance data 
INSERT INTO Attendance (StudentID, CourseID, Date, Status) VALUES
(340, 30, '2023-02-10', 'Absent'),
(522, 5, '2023-10-23', 'Present'),
(673, 5, '2023-07-08', 'Present'),
(411, 5, '2023-02-27', 'Present'),
(519, 15, '2023-09-01', 'Present'),
(616, 10, '2023-04-23', 'Absent'),
(206, 5, '2023-04-13', 'Present'),
(234, 5, '2023-10-11', 'Present'),
(393, 5, '2023-08-28', 'Present'),
(249, 5, '2023-05-12', 'Present'),
(775, 5, '2023-08-14', 'Present'),
(62, 5, '2023-03-07', 'Absent'),
(751, 5, '2023-04-09', 'Absent'),
(106, 5, '2023-07-20', 'Present'),
(459, 5, '2023-12-11', 'Absent'),
(659, 5, '2023-09-13', 'Absent'),
(460, 5, '2023-08-09', 'Absent'),
(164, 5, '2023-08-27', 'Present'),
(186, 5, '2023-02-27', 'Absent'),
(29, 5, '2023-08-25', 'Absent'),
(580, 5, '2023-04-22', 'Present'),
(73, 6, '2023-07-15', 'Present'),
(254, 6, '2023-04-02', 'Absent'),
(554, 6, '2023-03-17', 'Present'),
(104, 6, '2023-03-13', 'Present'),
(693, 6, '2023-11-09', 'Absent'),
(373, 6, '2023-12-13', 'Absent'),
(173, 6, '2023-08-18', 'Absent'),
(239, 6, '2023-06-17', 'Present'),
(300, 6, '2023-04-13', 'Present'),
(695, 6, '2023-03-25', 'Absent'),
(500, 6, '2023-11-07', 'Absent'),
(794, 6, '2023-09-28', 'Absent'),
(151, 6, '2023-08-20', 'Present'),
(98, 6, '2023-04-03', 'Absent'),
(619, 6, '2023-09-24', 'Absent'),
(280, 6, '2023-07-06', 'Absent'),
(115, 6, '2023-02-27', 'Present'),
(647, 7, '2023-10-11', 'Absent'),
(717, 7, '2023-11-21', 'Absent'),
(609, 7, '2023-11-04', 'Present'),
(433, 7, '2023-06-04', 'Present'),
(627, 7, '2023-08-06', 'Absent'),
(465, 7, '2023-06-07', 'Present'),
(60, 7, '2023-08-24', 'Present'),
(141, 7, '2023-08-28', 'Absent'),
(775, 7, '2023-08-16', 'Absent'),
(693, 7, '2023-05-02', 'Present'),
(796, 7, '2023-11-08', 'Absent'),
(741, 7, '2023-12-20', 'Present'),
(718, 7, '2023-04-14', 'Present'),
(265, 8, '2023-01-04', 'Present'),
(86, 8, '2023-07-19', 'Present'),
(800, 8, '2023-02-23', 'Present'),
(325, 8, '2023-05-23', 'Present'),
(799, 8, '2023-02-23', 'Absent'),
(750, 8, '2023-08-23', 'Present'),
(75, 8, '2023-01-15', 'Present'),
(509, 8, '2023-06-10', 'Present'),
(300, 8, '2023-12-26', 'Absent'),
(455, 8, '2023-04-08', 'Present'),
(483, 8, '2023-07-12', 'Present'),
(13, 8, '2023-11-13', 'Absent'),
(550, 8, '2023-11-01', 'Present'),
(570, 8, '2023-03-17', 'Present'),
(241, 9, '2023-01-20', 'Absent'),
(326, 9, '2023-02-07', 'Absent'),
(749, 9, '2023-05-20', 'Present'),
(162, 9, '2023-04-04', 'Present'),
(166, 9, '2023-07-05', 'Present'),
(719, 9, '2023-09-07', 'Present'),
(669, 9, '2023-11-03', 'Absent'),
(395, 9, '2023-03-07', 'Absent'),
(341, 9, '2023-04-05', 'Absent'),
(225, 9, '2023-05-20', 'Absent'),
(481, 9, '2023-11-25', 'Absent'),
(616, 9, '2023-06-15', 'Absent'),
(659, 9, '2023-07-27', 'Absent'),
(668, 9, '2023-01-01', 'Absent'),
(625, 8, '2023-08-18', 'Absent'),
(639, 9, '2023-03-18', 'Present'),
(342, 9, '2023-07-04', 'Present'),
(496, 10, '2023-01-10', 'Absent'),
(347, 10, '2023-09-26', 'Absent'),
(521, 10, '2023-09-05', 'Present'),
(170, 10, '2023-02-18', 'Present'),
(3, 10, '2023-09-03', 'Present'),
(45, 10, '2023-08-28', 'Present'),
(338, 10, '2023-07-19', 'Present'),
(476, 10, '2023-09-07', 'Present'),
(34, 10, '2023-04-12', 'Absent'),
(550, 10, '2023-08-23', 'Present'),
(535, 10, '2023-03-15', 'Present'),
(605, 10, '2023-02-04', 'Present'),
(465, 10, '2023-12-13', 'Absent'),
(497, 11, '2023-06-20', 'Present'),
(269, 11, '2023-06-23', 'Present'),
(323, 11, '2023-01-15', 'Present'),
(348, 11, '2023-02-16', 'Present'),
(605, 11, '2023-10-01', 'Present'),
(555, 11, '2023-09-25', 'Absent'),
(404, 11, '2023-03-27', 'Absent'),
(644, 11, '2023-12-27', 'Present'),
(498, 11, '2023-01-22', 'Absent'),
(338, 11, '2023-05-03', 'Absent'),
(614, 11, '2023-08-22', 'Absent'),
(693, 12, '2023-02-07', 'Present'),
(584, 12, '2023-09-05', 'Absent'),
(44, 12, '2023-07-25', 'Present'),
(36, 12, '2023-03-12', 'Absent'),
(337, 12, '2023-07-24', 'Absent'),
(623, 12, '2023-09-02', 'Present'),
(506, 12, '2023-01-03', 'Absent'),
(535, 12, '2023-05-27', 'Present'),
(282, 12, '2023-02-26', 'Absent'),
(754, 13, '2023-09-16', 'Present'),
(131, 13, '2023-02-02', 'Present'),
(260, 13, '2023-09-17', 'Absent'),
(363, 13, '2023-01-26', 'Present'),
(578, 13, '2023-03-09', 'Present'),
(577, 31, '2023-09-16', 'Absent'),
(585, 13, '2023-05-07', 'Absent'),
(183, 14, '2023-10-04', 'Present'),
(250, 14, '2023-04-07', 'Absent'),
(739, 12, '2023-10-14', 'Absent'),
(605, 14, '2023-02-10', 'Present'),
(798, 14, '2023-10-24', 'Absent'),
(592, 15, '2023-01-26', 'Absent'),
(560, 4, '2023-03-22', 'Absent'),
(84, 1, '2023-02-09', 'Present'),
(575, 15, '2023-11-01', 'Present'),
(682, 15, '2023-03-26', 'Present'),
(515, 15, '2023-04-06', 'Absent'),
(182, 15, '2023-12-24', 'Absent'),
(140, 15, '2023-04-05', 'Present'),
(278, 15, '2023-03-22', 'Absent'),
(267, 15, '2023-08-19', 'Absent'),
(300, 15, '2023-08-23', 'Absent'),
(37, 15, '2023-07-12', 'Present'),
(614, 16, '2023-08-05', 'Present'),
(754, 16, '2023-01-15', 'Present'),
(752, 16, '2023-07-22', 'Present'),
(364, 16, '2023-02-14', 'Present'),
(719, 16, '2023-06-05', 'Absent'),
(410, 16, '2023-01-22', 'Present'),
(474, 16, '2023-05-20', 'Present'),
(195, 16, '2023-09-08', 'Absent'),
(264, 16, '2023-04-07', 'Absent'),
(697, 17, '2023-05-26', 'Present'),
(320, 17, '2023-10-04', 'Absent'),
(568, 17, '2023-06-10', 'Present'),
(95, 17, '2023-12-06', 'Present'),
(450, 17, '2023-01-14', 'Absent'),
(200, 17, '2023-11-21', 'Absent'),
(505, 18, '2023-07-27', 'Absent'),
(633, 18, '2023-07-03', 'Absent'),
(736, 18, '2023-02-11', 'Present'),
(666, 18, '2023-07-15', 'Present'),
(365, 18, '2023-07-26', 'Absent'),
(577, 19, '2023-04-25', 'Present'),
(117, 16, '2023-04-04', 'Absent'),
(340, 19, '2023-10-26', 'Present'),
(201, 19, '2023-12-25', 'Absent'),
(429, 19, '2023-02-26', 'Absent'),
(432, 19, '2023-11-02', 'Absent'),
(664, 19, '2023-06-24', 'Present'),
(564, 20, '2023-11-28', 'Absent'),
(767, 20, '2023-09-26', 'Present'),
(717, 20, '2023-04-16', 'Absent'),
(183, 20, '2023-07-04', 'Present'),
(580, 20, '2023-10-28', 'Absent'),
(800, 20, '2023-03-09', 'Absent'),
(749, 20, '2023-02-19', 'Absent'),
(576, 20, '2023-11-16', 'Present'),
(229, 20, '2023-09-11', 'Absent'),
(87, 21, '2023-11-05', 'Present'),
(433, 22, '2023-09-13', 'Absent'),
(481, 21, '2023-11-02', 'Present'),
(694, 12, '2023-12-01', 'Absent'),
(117, 21, '2023-12-14', 'Absent'),
(281, 21, '2023-07-11', 'Present'),
(647, 4, '2023-02-21', 'Absent'),
(629, 22, '2023-09-03', 'Absent'),
(792, 22, '2023-02-03', 'Present'),
(48, 22, '2023-06-02', 'Present'),
(74, 22, '2023-01-12', 'Absent'),
(709, 23, '2023-05-11', 'Absent'),
(543, 23, '2023-02-09', 'Absent'),
(505, 23, '2023-11-09', 'Present'),
(610, 23, '2023-11-01', 'Present'),
(74, 23, '2023-08-22', 'Present'),
(288, 24, '2023-09-04', 'Absent'),
(429, 24, '2023-09-13', 'Present'),
(301, 24, '2023-06-16', 'Absent'),
(404, 24, '2023-11-18', 'Absent'),
(383, 25, '2023-09-02', 'Present'),
(468, 25, '2023-12-26', 'Present'),
(465, 25, '2023-01-07', 'Absent'),
(41, 25, '2023-10-13', 'Absent'),
(148, 25, '2023-03-08', 'Absent'),
(91, 26, '2023-09-28', 'Present'),
(103, 26, '2023-05-07', 'Present'),
(117, 26, '2023-10-07', 'Present'),
(280, 26, '2023-05-28', 'Absent'),
(113, 26, '2023-12-26', 'Present'),
(216, 17, '2023-01-07', 'Present'),
(266, 27, '2023-01-23', 'Absent'),
(788, 27, '2023-12-23', 'Absent'),
(635, 27, '2023-03-05', 'Absent'),
(407, 27, '2023-07-13', 'Absent'),
(222, 27, '2023-02-14', 'Present'),
(88, 27, '2023-12-06', 'Absent'),
(738, 28, '2023-07-15', 'Absent'),
(432, 28, '2023-08-01', 'Present'),
(669, 28, '2023-12-07', 'Present'),
(117, 28, '2023-11-23', 'Present'),
(479, 28, '2023-06-21', 'Present'),
(344, 28, '2023-09-23', 'Absent'),
(147, 28, '2023-07-20', 'Absent'),
(162, 29, '2023-07-23', 'Present'),
(285, 29, '2023-01-13', 'Absent'),
(228, 29, '2023-08-16', 'Absent'),
(156, 29, '2023-07-22', 'Absent'),
(406, 29, '2023-05-02', 'Present');




INSERT INTO Attendance (StudentID, CourseID, Date, Status) VALUES
(530, 30, '2023-06-15', 'Present'),
(289, 30, '2023-12-09', 'Present'),
(177, 30, '2023-06-20', 'Present'),
(358, 30, '2023-06-24', 'Present'),
(216, 30, '2023-02-22', 'Absent'),
(483, 30, '2023-02-12', 'Absent'),
(638, 30, '2023-11-01', 'Absent'),
(386, 31, '2023-11-05', 'Absent'),
(463, 31, '2023-06-08', 'Absent'),
(507, 31, '2023-11-11', 'Absent'),
(595, 31, '2023-11-27', 'Present'),
(732, 31, '2023-02-15', 'Present'),
(276, 31, '2023-06-10', 'Absent'),
(675, 32, '2023-05-08', 'Present'),
(55, 32, '2023-05-20', 'Present'),
(260, 32, '2023-03-22', 'Absent'),
(248, 32, '2023-01-21', 'Present'),
(117, 10, '2023-02-13', 'Present'),
(482, 4, '2023-07-20', 'Present'),
(382, 4, '2023-04-04', 'Present'),
(782, 2, '2023-07-22', 'Absent'),
(295, 2, '2023-03-22', 'Absent'),
(106, 1, '2023-11-15', 'Absent'),
(142, 3, '2023-10-09', 'Present'),
(386, 3, '2023-09-18', 'Present'),
(589, 4, '2023-11-07', 'Present'),
(727, 2, '2023-09-15', 'Present'),
(143, 2, '2023-01-01', 'Absent'),
(353, 2, '2023-09-12', 'Present'),
(351, 3, '2023-12-05', 'Absent'),
(438, 2, '2023-08-19', 'Present'),
(64, 2, '2023-10-02', 'Present'),
(377, 2, '2023-05-15', 'Present'),
(122, 2, '2023-09-15', 'Present'),
(148, 4, '2023-07-23', 'Present'),
(104, 2, '2023-04-23', 'Present'),
(57, 3, '2023-07-09', 'Present'),
(27, 1, '2023-07-10', 'Present'),
(707, 2, '2023-11-28', 'Absent'),
(260, 2, '2023-07-19', 'Absent'),
(679, 3, '2023-06-24', 'Absent'),
(477, 4, '2023-07-21', 'Absent'),
(562, 2, '2023-08-17', 'Absent'),
(25, 4, '2023-03-04', 'Present'),
(581, 1, '2023-05-07', 'Absent'),
(213, 3, '2023-01-27', 'Absent'),
(569, 4, '2023-06-04', 'Absent'),
(698, 3, '2023-08-16', 'Present'),
(730, 2, '2023-08-07', 'Absent'),
(163, 3, '2023-10-05', 'Present'),
(493, 1, '2023-07-15', 'Present'),
(103, 3, '2023-06-06', 'Present'),
(678, 1, '2023-11-10', 'Present'),
(242, 1, '2023-09-19', 'Present'),
(758, 2, '2023-11-14', 'Absent'),
(156, 4, '2023-02-02', 'Present'),
(349, 4, '2023-08-18', 'Absent'),
(523, 1, '2023-11-22', 'Absent'),
(608, 4, '2023-04-19', 'Absent'),
(222, 1, '2023-05-13', 'Absent'),
(205, 2, '2023-10-07', 'Absent'),
(554, 3, '2023-06-07', 'Absent'),
(9, 2, '2023-03-28', 'Absent'),
(448, 3, '2023-02-05', 'Absent'),
(104, 3, '2023-03-09', 'Present'),
(4, 1, '2023-05-15', 'Present'),
(581, 4, '2023-07-11', 'Present'),
(463, 1, '2023-04-07', 'Absent'),
(647, 3, '2023-03-11', 'Present'),
(474, 2, '2023-03-22', 'Absent'),
(88, 2, '2023-04-17', 'Present'),
(85, 2, '2023-01-14', 'Absent'),
(678, 3, '2023-12-09', 'Absent'),
(791, 1, '2023-07-20', 'Present'),
(21, 2, '2023-10-19', 'Present'),
(468, 2, '2023-07-10', 'Absent'),
(178, 3, '2023-08-01', 'Absent'),
(633, 2, '2023-09-13', 'Present'),
(270, 3, '2023-06-18', 'Present'),
(176, 4, '2023-05-18', 'Present'),
(390, 4, '2023-12-26', 'Present'),
(767, 3, '2023-03-05', 'Present'),
(633, 3, '2023-09-26', 'Absent'),
(754, 3, '2023-01-06', 'Absent'),
(315, 1, '2023-03-03', 'Present'),
(348, 4, '2023-09-16', 'Absent'),
(399, 3, '2023-12-08', 'Present'),
(743, 2, '2023-06-24', 'Present'),
(664, 4, '2023-01-03', 'Absent'),
(782, 4, '2023-05-13', 'Present'),
(456, 1, '2023-01-27', 'Absent'),
(377, 4, '2023-10-21', 'Absent'),
(91, 3, '2023-01-14', 'Present'),
(221, 3, '2023-04-15', 'Present'),
(669, 1, '2023-08-07', 'Absent'),
(67, 2, '2023-02-12', 'Present'),
(295, 4, '2023-09-04', 'Present'),
(129, 2, '2023-10-11', 'Absent'),
(135, 3, '2023-03-01', 'Present'),
(53, 3, '2023-09-19', 'Present'),
(303, 3, '2023-05-26', 'Present'),
(383, 1, '2023-05-03', 'Absent'),
(312, 2, '2023-05-08', 'Absent'),
(280, 2, '2023-04-25', 'Present'),
(677, 1, '2023-09-10', 'Present'),
(97, 3, '2023-01-10', 'Present'),
(776, 3, '2023-10-01', 'Absent'),
(623, 4, '2023-10-21', 'Present'),
(522, 3, '2023-02-28', 'Present'),
(723, 1, '2023-06-28', 'Absent'),
(423, 1, '2023-10-17', 'Absent'),
(44, 1, '2023-05-01', 'Present'),
(158, 4, '2023-04-27', 'Absent'),
(448, 2, '2023-05-12', 'Absent'),
(481, 1, '2023-07-02', 'Absent'),
(438, 4, '2023-02-07', 'Absent'),
(420, 4, '2023-12-17', 'Present'),
(23, 1, '2023-05-19', 'Absent'),
(740, 1, '2023-05-10', 'Absent'),
(318, 3, '2023-01-17', 'Present'),
(422, 1, '2023-12-19', 'Present'),
(612, 1, '2023-01-26', 'Present'),
(186, 4, '2023-12-15', 'Absent'),
(543, 3, '2023-08-19', 'Absent'),
(465, 1, '2023-12-23', 'Absent'),
(444, 1, '2023-05-10', 'Present'),
(244, 1, '2023-05-28', 'Absent'),
(153, 1, '2023-04-13', 'Absent'),
(530, 3, '2023-02-23', 'Present'),
(235, 4, '2023-09-22', 'Present'),
(752, 4, '2023-02-23', 'Absent'),
(167, 4, '2023-04-01', 'Present'),
(187, 2, '2023-06-12', 'Absent'),
(317, 3, '2023-03-27', 'Present'),
(653, 3, '2023-11-25', 'Absent'),
(455, 1, '2023-02-15', 'Present'),
(630, 4, '2023-08-23', 'Absent'),
(684, 4, '2023-09-22', 'Present'),
(623, 4, '2023-10-12', 'Present'),
(756, 3, '2023-10-17', 'Absent'),
(131, 3, '2023-11-06', 'Absent'),
(761, 2, '2023-08-20', 'Absent'),
(201, 2, '2023-03-18', 'Present'),
(798, 1, '2023-11-12', 'Present'),
(655, 2, '2023-08-19', 'Absent'),
(137, 4, '2023-08-05', 'Absent'),
(113, 1, '2023-12-02', 'Absent'),
(738, 1, '2023-06-25', 'Present'),
(798, 4, '2023-05-08', 'Absent'),
(608, 1, '2023-05-08', 'Absent'),
(645, 4, '2023-02-16', 'Absent'),
(220, 3, '2023-06-14', 'Absent'),
(389, 1, '2023-03-25', 'Present'),
(633, 2, '2023-01-23', 'Absent'),
(142, 4, '2023-03-01', 'Absent'),
(47, 4, '2023-04-03', 'Absent'),
(113, 3, '2023-04-08', 'Absent'),
(660, 4, '2023-02-24', 'Absent'),
(166, 2, '2023-04-10', 'Absent'),
(552, 1, '2023-07-07', 'Present'),
(686, 1, '2023-05-02', 'Absent'),
(552, 1, '2023-09-02', 'Absent'),
(178, 2, '2023-05-12', 'Present'),
(554, 4, '2023-08-13', 'Absent'),
(697, 2, '2023-12-15', 'Present'),
(140, 3, '2023-01-09', 'Absent'),
(538, 1, '2023-06-10', 'Absent'),
(137, 3, '2023-06-15', 'Absent'),
(216, 2, '2023-09-15', 'Absent'),
(150, 1, '2023-11-08', 'Absent'),
(361, 3, '2023-03-02', 'Present'),
(696, 3, '2023-03-21', 'Present'),
(25, 4, '2023-09-13', 'Present'),
(778, 1, '2023-08-07', 'Absent'),
(573, 3, '2023-04-07', 'Absent'),
(181, 3, '2023-10-21', 'Present'),
(166, 2, '2023-10-09', 'Present'),
(653, 1, '2023-04-25', 'Absent'),
(649, 4, '2023-08-24', 'Present'),
(112, 1, '2023-03-07', 'Present'),
(763, 3, '2023-06-18', 'Present'),
(564, 1, '2023-08-01', 'Absent'),
(448, 2, '2023-02-01', 'Present'),
(504, 4, '2023-02-23', 'Absent'),
(608, 4, '2023-04-05', 'Absent'),
(115, 4, '2023-08-10', 'Absent'),
(374, 3, '2023-04-20', 'Absent'),
(43, 4, '2023-08-12', 'Present'),
(735, 1, '2023-11-12', 'Absent'),
(627, 4, '2023-02-22', 'Present'),
(608, 1, '2023-10-19', 'Absent'),
(394, 3, '2023-12-10', 'Present'),
(366, 2, '2023-11-16', 'Present'),
(320, 2, '2023-06-14', 'Present'),
(346, 3, '2023-03-19', 'Present'),
(291, 2, '2023-06-15', 'Present'),
(764, 1, '2023-12-16', 'Present'),
(263, 2, '2023-01-14', 'Absent'),
(118, 1, '2023-07-10', 'Absent'),
(451, 1, '2023-12-23', 'Absent'),
(264, 3, '2023-01-01', 'Absent'),
(695, 1, '2023-05-22', 'Present'),
(606, 3, '2023-05-12', 'Present'),
(349, 1, '2023-11-03', 'Present'),
(109, 3, '2023-01-24', 'Absent'),
(355, 4, '2023-01-21', 'Absent'),
(518, 1, '2023-02-24', 'Present'),
(375, 1, '2023-07-27', 'Absent'),
(642, 1, '2023-10-27', 'Absent'),
(722, 2, '2023-02-25', 'Absent'),
(3, 3, '2023-06-27', 'Absent'),
(787, 3, '2023-06-26', 'Absent'),
(27, 2, '2023-05-08', 'Present'),
(369, 1, '2023-05-15', 'Present'),
(770, 4, '2023-10-19', 'Absent'),
(761, 4, '2023-04-03', 'Absent'),
(795, 2, '2023-11-10', 'Present'),
(782, 3, '2023-09-19', 'Present'),
(34, 2, '2023-01-11', 'Absent'),
(358, 2, '2023-11-07', 'Absent'),
(565, 4, '2023-07-27', 'Present'),
(641, 3, '2023-12-27', 'Absent'),
(219, 4, '2023-09-19', 'Absent'),
(61, 3, '2023-06-28', 'Absent'),
(789, 2, '2023-07-07', 'Absent'),
(501, 3, '2023-11-21', 'Present'),
(676, 2, '2023-03-28', 'Present'),
(452, 4, '2023-12-27', 'Absent'),
(118, 1, '2023-02-10', 'Absent'),
(219, 2, '2023-09-14', 'Present'),
(308, 1, '2023-01-17', 'Present'),
(203, 3, '2023-12-13', 'Absent'),
(330, 2, '2023-08-03', 'Absent'),
(411, 1, '2023-09-25', 'Absent'),
(445, 3, '2023-02-17', 'Present'),
(158, 1, '2023-05-24', 'Absent'),
(276, 2, '2023-10-19', 'Absent'),
(722, 2, '2023-05-03', 'Present'),
(223, 1, '2023-09-13', 'Present'),
(30, 4, '2023-01-11', 'Present'),
(437, 1, '2023-03-15', 'Present'),
(28, 4, '2023-10-22', 'Absent');



INSERT INTO Attendance (StudentID, CourseID, Date, Status) VALUES
(715, 1, '2023-10-21', 'Absent'),
(396, 4, '2023-03-05', 'Absent'),
(743, 4, '2023-12-25', 'Present'),
(633, 4, '2023-03-04', 'Present'),
(401, 1, '2023-02-07', 'Present'),
(164, 4, '2023-05-05', 'Present'),
(331, 4, '2023-04-21', 'Absent'),
(225, 4, '2023-03-08', 'Absent'),
(23, 4, '2023-08-03', 'Present'),
(191, 4, '2023-12-09', 'Absent'),
(122, 4, '2023-11-26', 'Absent'),
(62, 4, '2023-05-14', 'Absent'),
(538, 1, '2023-04-07', 'Absent'),
(331, 2, '2023-02-21', 'Present'),
(730, 1, '2023-02-04', 'Absent'),
(162, 4, '2023-04-25', 'Absent'),
(259, 1, '2023-01-20', 'Present'),
(256, 2, '2023-01-26', 'Absent'),
(365, 4, '2023-06-11', 'Present'),
(419, 1, '2023-08-20', 'Present'),
(771, 4, '2023-05-12', 'Present'),
(679, 2, '2023-06-10', 'Present'),
(760, 4, '2023-10-12', 'Present'),
(203, 2, '2023-01-10', 'Present'),
(443, 2, '2023-06-28', 'Absent'),
(540, 2, '2023-05-27', 'Absent'),
(617, 2, '2023-06-21', 'Present'),
(150, 4, '2023-11-12', 'Absent'),
(677, 2, '2023-04-09', 'Absent'),
(271, 3, '2023-12-16', 'Absent'),
(469, 3, '2023-02-24', 'Absent'),
(764, 4, '2023-03-07', 'Absent'),
(64, 3, '2023-06-12', 'Present'),
(397, 1, '2023-06-14', 'Present'),
(285, 3, '2023-03-14', 'Absent'),
(541, 1, '2023-12-04', 'Absent'),
(319, 4, '2023-07-05', 'Absent'),
(112, 3, '2023-04-10', 'Absent'),
(337, 3, '2023-01-11', 'Present'),
(519, 4, '2023-10-02', 'Present'),
(108, 1, '2023-01-03', 'Present'),
(53, 4, '2023-06-11', 'Present'),
(748, 1, '2023-03-15', 'Absent'),
(38, 1, '2023-09-02', 'Present'),
(629, 3, '2023-07-15', 'Absent'),
(187, 4, '2023-03-13', 'Absent'),
(679, 3, '2023-10-20', 'Present'),
(653, 1, '2023-09-22', 'Present'),
(342, 4, '2023-05-15', 'Absent'),
(479, 3, '2023-04-09', 'Absent'),
(352, 3, '2023-04-20', 'Present'),
(108, 1, '2023-12-27', 'Absent'),
(211, 3, '2023-02-01', 'Present'),
(17, 1, '2023-11-02', 'Present'),
(627, 3, '2023-03-21', 'Absent'),
(202, 4, '2023-10-16', 'Absent'),
(168, 4, '2023-12-27', 'Present'),
(356, 2, '2023-03-13', 'Absent'),
(417, 3, '2023-10-01', 'Present'),
(176, 1, '2023-10-19', 'Absent'),
(369, 2, '2023-04-21', 'Present'),
(530, 4, '2023-03-22', 'Absent'),
(97, 1, '2023-09-01', 'Absent'),
(668, 3, '2023-03-21', 'Absent'),
(496, 1, '2023-06-04', 'Present'),
(727, 1, '2023-12-18', 'Absent'),
(495, 2, '2023-04-26', 'Present'),
(518, 2, '2023-02-21', 'Present'),
(35, 2, '2023-11-19', 'Present'),
(221, 4, '2023-06-07', 'Absent'),
(5, 2, '2023-11-21', 'Present'),
(559, 1, '2023-05-17', 'Absent'),
(138, 4, '2023-06-19', 'Absent'),
(28, 3, '2023-12-10', 'Present'),
(115, 2, '2023-07-18', 'Absent'),
(748, 3, '2023-04-12', 'Present'),
(546, 3, '2023-05-25', 'Absent'),
(420, 2, '2023-09-25', 'Present'),
(452, 2, '2023-01-21', 'Absent'),
(103, 3, '2023-11-04', 'Present'),
(19, 4, '2023-08-12', 'Absent'),
(237, 2, '2023-12-16', 'Absent'),
(730, 1, '2023-03-24', 'Present'),
(28, 1, '2023-01-07', 'Absent'),
(625, 2, '2023-08-12', 'Absent'),
(550, 4, '2023-01-25', 'Absent'),
(361, 4, '2023-12-03', 'Absent'),
(90, 1, '2023-02-18', 'Absent'),
(73, 2, '2023-03-27', 'Absent'),
(748, 1, '2023-03-10', 'Present'),
(131, 1, '2023-09-28', 'Present'),
(42, 2, '2023-09-25', 'Absent'),
(461, 2, '2023-09-11', 'Present'),
(219, 3, '2023-08-07', 'Present'),
(601, 1, '2023-12-20', 'Absent'),
(178, 4, '2023-08-03', 'Present'),
(270, 2, '2023-10-20', 'Present'),
(688, 3, '2023-05-10', 'Absent'),
(8, 4, '2023-02-02', 'Absent'),
(409, 2, '2023-11-22', 'Absent'),
(793, 4, '2023-08-14', 'Absent'),
(730, 2, '2023-12-02', 'Absent'),
(528, 4, '2023-08-20', 'Present'),
(388, 3, '2023-05-11', 'Absent'),
(53, 2, '2023-01-28', 'Present'),
(225, 4, '2023-01-05', 'Present'),
(516, 2, '2023-07-02', 'Present'),
(151, 3, '2023-08-11', 'Absent'),
(406, 3, '2023-04-10', 'Absent'),
(679, 3, '2023-05-02', 'Present'),
(48, 3, '2023-05-23', 'Absent'),
(104, 1, '2023-06-18', 'Absent'),
(188, 3, '2023-12-16', 'Absent'),
(147, 2, '2023-10-04', 'Present'),
(335, 2, '2023-10-16', 'Present'),
(73, 3, '2023-09-07', 'Present'),
(460, 3, '2023-01-04', 'Absent'),
(786, 4, '2023-07-10', 'Absent'),
(523, 3, '2023-01-10', 'Absent'),
(67, 4, '2023-12-14', 'Present'),
(513, 4, '2023-03-23', 'Present'),
(216, 3, '2023-01-20', 'Present'),
(87, 3, '2023-01-07', 'Present'),
(708, 1, '2023-03-23', 'Present'),
(645, 1, '2023-12-10', 'Absent'),
(13, 4, '2023-01-24', 'Present'),
(610, 3, '2023-08-12', 'Present'),
(384, 1, '2023-02-27', 'Absent'),
(586, 1, '2023-03-24', 'Absent'),
(303, 1, '2023-06-23', 'Absent'),
(645, 3, '2023-10-23', 'Absent'),
(200, 3, '2023-04-02', 'Present'),
(464, 3, '2023-03-11', 'Present'),
(402, 4, '2023-07-22', 'Present'),
(799, 4, '2023-08-10', 'Absent'),
(582, 2, '2023-01-17', 'Absent'),
(468, 2, '2023-09-17', 'Present'),
(197, 1, '2023-10-02', 'Absent'),
(291, 4, '2023-05-22', 'Absent'),
(540, 3, '2023-06-18', 'Present'),
(322, 1, '2023-06-02', 'Present'),
(303, 1, '2023-08-10', 'Present'),
(390, 3, '2023-06-05', 'Present'),
(671, 1, '2023-02-03', 'Present'),
(7, 3, '2023-06-12', 'Present'),
(521, 1, '2023-01-18', 'Present'),
(340, 1, '2023-08-07', 'Absent'),
(256, 2, '2023-07-28', 'Absent'),
(503, 3, '2023-11-21', 'Present'),
(726, 1, '2023-07-27', 'Absent'),
(506, 4, '2023-07-22', 'Present'),
(779, 2, '2023-04-08', 'Absent'),
(134, 2, '2023-06-18', 'Present'),
(248, 2, '2023-09-16', 'Absent'),
(677, 2, '2023-04-11', 'Present'),
(702, 1, '2023-11-26', 'Absent'),
(136, 4, '2023-03-20', 'Present'),
(208, 2, '2023-05-05', 'Present'),
(713, 1, '2023-01-14', 'Present'),
(472, 2, '2023-10-04', 'Absent'),
(583, 3, '2023-08-19', 'Present'),
(323, 4, '2023-08-13', 'Absent'),
(441, 2, '2023-04-26', 'Present'),
(274, 2, '2023-11-16', 'Absent'),
(596, 1, '2023-04-21', 'Absent'),
(300, 4, '2023-05-13', 'Absent'),
(163, 1, '2023-12-01', 'Absent'),
(677, 1, '2023-08-01', 'Present'),
(132, 2, '2023-05-01', 'Absent'),
(198, 1, '2023-03-11', 'Absent'),
(447, 2, '2023-02-13', 'Present'),
(680, 3, '2023-10-18', 'Absent'),
(54, 4, '2023-01-10', 'Present'),
(758, 3, '2023-11-03', 'Present'),
(64, 4, '2023-10-22', 'Absent'),
(557, 4, '2023-02-08', 'Present'),
(236, 3, '2023-09-09', 'Present'),
(560, 3, '2023-09-20', 'Present'),
(522, 2, '2023-03-26', 'Absent'),
(355, 1, '2023-11-27', 'Absent'),
(190, 3, '2023-10-23', 'Present'),
(538, 3, '2023-06-03', 'Present'),
(407, 1, '2023-02-23', 'Absent'),
(316, 2, '2023-07-13', 'Absent'),
(327, 4, '2023-05-06', 'Absent'),
(201, 2, '2023-10-28', 'Absent'),
(695, 4, '2023-06-28', 'Present'),
(667, 4, '2023-03-17', 'Present'),
(335, 4, '2023-02-09', 'Present'),
(702, 4, '2023-01-10', 'Present'),
(714, 3, '2023-08-18', 'Absent'),
(519, 3, '2023-08-28', 'Absent'),
(707, 1, '2023-10-15', 'Present'),
(364, 4, '2023-10-10', 'Absent'),
(264, 2, '2023-12-19', 'Present'),
(660, 1, '2023-09-09', 'Present'),
(641, 2, '2023-04-08', 'Absent'),
(165, 2, '2023-07-01', 'Absent'),
(640, 1, '2023-01-17', 'Present'),
(67, 3, '2023-04-23', 'Absent'),
(200, 2, '2023-11-06', 'Present'),
(244, 3, '2023-07-12', 'Present'),
(342, 3, '2023-04-08', 'Present'),
(92, 2, '2023-12-16', 'Present'),
(666, 3, '2023-05-25', 'Present'),
(547, 2, '2023-11-09', 'Present'),
(315, 1, '2023-02-20', 'Present'),
(796, 4, '2023-11-06', 'Absent'),
(45, 4, '2023-07-01', 'Absent'),
(603, 2, '2023-05-07', 'Absent'),
(468, 2, '2023-03-28', 'Present'),
(378, 1, '2023-04-14', 'Absent'),
(45, 3, '2023-06-15', 'Absent'),
(27, 3, '2023-02-28', 'Absent'),
(135, 3, '2023-01-28', 'Absent'),
(666, 2, '2023-06-10', 'Present'),
(283, 3, '2023-02-17', 'Present'),
(263, 3, '2023-07-01', 'Absent'),
(758, 3, '2023-02-13', 'Absent'),
(214, 1, '2023-03-19', 'Absent'),
(236, 1, '2023-03-05', 'Present'),
(487, 3, '2023-06-26', 'Absent'),
(407, 3, '2023-09-25', 'Present'),
(365, 4, '2023-12-10', 'Present'),
(629, 4, '2023-08-27', 'Absent'),
(505, 2, '2023-04-08', 'Absent'),
(281, 2, '2023-08-23', 'Absent'),
(191, 4, '2023-12-20', 'Present'),
(403, 3, '2023-10-16', 'Present'),
(794, 2, '2023-08-25', 'Absent'),
(450, 2, '2023-11-02', 'Present'),
(174, 1, '2023-03-06', 'Absent'),
(258, 1, '2023-03-11', 'Absent'),
(767, 2, '2023-10-14', 'Present'),
(783, 4, '2023-07-10', 'Present'),
(386, 1, '2023-10-17', 'Absent'),
(131, 1, '2023-08-22', 'Absent'),
(236, 1, '2023-11-19', 'Present'),
(115, 2, '2023-08-16', 'Present'),
(619, 4, '2023-09-14', 'Absent'),
(585, 4, '2023-03-09', 'Present'),
(343, 4, '2023-04-15', 'Absent'),
(176, 2, '2023-09-19', 'Present'),
(657, 4, '2023-05-18', 'Absent'),
(281, 3, '2023-04-24', 'Absent'),
(582, 2, '2023-07-05', 'Present'),
(33, 4, '2023-04-23', 'Absent'),
(493, 2, '2023-01-15', 'Present'),
(573, 3, '2023-11-02', 'Present'),
(200, 4, '2023-05-15', 'Present'),
(747, 1, '2023-01-13', 'Present'),
(517, 3, '2023-11-04', 'Present'),
(727, 2, '2023-04-23', 'Absent'),
(66, 4, '2023-04-28', 'Present'),
(224, 1, '2023-06-23', 'Absent'),
(44, 4, '2023-07-27', 'Present'),
(708, 3, '2023-04-26', 'Absent'),
(428, 1, '2023-04-17', 'Present'),
(456, 4, '2023-09-18', 'Absent'),
(527, 3, '2023-08-16', 'Present'),
(682, 2, '2023-02-12', 'Absent'),
(697, 2, '2023-07-01', 'Absent'),
(428, 3, '2023-02-08', 'Absent'),
(349, 2, '2023-09-04', 'Present'),
(39, 1, '2023-09-20', 'Absent'),
(793, 4, '2023-03-05', 'Absent'),
(567, 4, '2023-03-18', 'Absent'),
(287, 3, '2023-10-23', 'Present'),
(224, 3, '2023-04-17', 'Absent'),
(111, 3, '2023-10-08', 'Present'),
(108, 3, '2023-08-07', 'Absent'),
(782, 3, '2023-08-05', 'Present'),
(272, 4, '2023-11-06', 'Present'),
(230, 2, '2023-01-25', 'Present'),
(292, 4, '2023-01-03', 'Absent');




INSERT INTO Attendance (StudentID, CourseID, Date, Status) VALUES
(543, 2, '2023-08-24', 'Absent'),
(566, 3, '2023-10-01', 'Absent'),
(595, 1, '2023-01-11', 'Present'),
(390, 4, '2023-12-26', 'Present'),
(119, 4, '2023-10-17', 'Absent'),
(632, 4, '2023-05-14', 'Absent'),
(237, 4, '2023-05-02', 'Absent'),
(664, 4, '2023-10-15', 'Present'),
(454, 1, '2023-10-13', 'Absent'),
(742, 4, '2023-10-01', 'Absent'),
(647, 1, '2023-06-15', 'Absent'),
(286, 1, '2023-10-18', 'Present'),
(138, 4, '2023-01-27', 'Present'),
(444, 1, '2023-08-13', 'Present'),
(86, 3, '2023-10-13', 'Absent'),
(738, 3, '2023-08-28', 'Absent'),
(28, 3, '2023-02-05', 'Absent'),
(267, 2, '2023-06-06', 'Absent'),
(185, 1, '2023-05-16', 'Present'),
(436, 3, '2023-03-17', 'Absent'),
(645, 3, '2023-05-26', 'Absent'),
(173, 4, '2023-10-20', 'Absent'),
(155, 3, '2023-01-06', 'Absent'),
(81, 2, '2023-10-08', 'Present'),
(643, 3, '2023-08-16', 'Absent'),
(431, 4, '2023-11-04', 'Absent'),
(505, 1, '2023-05-07', 'Present'),
(753, 2, '2023-07-28', 'Absent'),
(787, 4, '2023-09-26', 'Absent'),
(112, 1, '2023-08-02', 'Absent'),
(308, 2, '2023-07-15', 'Present'),
(267, 3, '2023-04-23', 'Absent'),
(796, 1, '2023-02-01', 'Absent'),
(262, 4, '2023-04-26', 'Absent'),
(193, 2, '2023-12-23', 'Absent'),
(524, 4, '2023-06-14', 'Absent'),
(618, 1, '2023-01-04', 'Absent'),
(231, 3, '2023-04-01', 'Absent'),
(406, 4, '2023-01-03', 'Absent'),
(236, 1, '2023-11-14', 'Absent'),
(734, 4, '2023-07-06', 'Present'),
(88, 3, '2023-09-20', 'Present'),
(758, 2, '2023-11-15', 'Present'),
(440, 3, '2023-07-28', 'Absent'),
(592, 4, '2023-06-14', 'Present'),
(751, 2, '2023-06-01', 'Absent'),
(120, 2, '2023-03-05', 'Absent'),
(230, 3, '2023-10-23', 'Absent'),
(370, 4, '2023-09-02', 'Absent'),
(70, 1, '2023-05-06', 'Absent'),
(688, 3, '2023-06-19', 'Present'),
(285, 2, '2023-01-16', 'Absent'),
(81, 4, '2023-08-20', 'Absent'),
(695, 4, '2023-12-04', 'Present'),
(514, 4, '2023-06-12', 'Present'),
(465, 3, '2023-07-27', 'Absent'),
(615, 3, '2023-08-27', 'Absent'),
(328, 1, '2023-01-24', 'Present'),
(749, 4, '2023-08-26', 'Present'),
(607, 4, '2023-06-06', 'Absent'),
(412, 1, '2023-11-14', 'Present'),
(233, 4, '2023-05-02', 'Absent'),
(328, 4, '2023-12-04', 'Absent'),
(86, 4, '2023-12-03', 'Present'),
(227, 2, '2023-08-07', 'Absent'),
(299, 3, '2023-05-08', 'Present'),
(539, 4, '2023-01-26', 'Absent'),
(507, 2, '2023-07-07', 'Absent'),
(148, 1, '2023-06-22', 'Absent'),
(59, 2, '2023-10-02', 'Present'),
(10, 3, '2023-12-06', 'Absent'),
(28, 3, '2023-09-16', 'Present'),
(281, 4, '2023-03-17', 'Present'),
(475, 4, '2023-01-05', 'Absent'),
(736, 1, '2023-12-27', 'Present'),
(748, 1, '2023-07-16', 'Present'),
(322, 1, '2023-03-01', 'Absent'),
(204, 4, '2023-01-27', 'Absent'),
(11, 3, '2023-02-05', 'Absent'),
(518, 4, '2023-07-03', 'Present'),
(363, 4, '2023-08-20', 'Present'),
(589, 4, '2023-06-22', 'Absent'),
(631, 2, '2023-06-19', 'Absent'),
(1, 1, '2023-05-10', 'Absent'),
(767, 1, '2023-07-11', 'Absent'),
(450, 4, '2023-05-02', 'Present'),
(72, 2, '2023-12-13', 'Present'),
(260, 1, '2023-06-11', 'Absent'),
(451, 1, '2023-11-18', 'Present'),
(125, 4, '2023-02-23', 'Present'),
(491, 3, '2023-06-16', 'Absent'),
(271, 2, '2023-02-15', 'Present'),
(493, 3, '2023-05-28', 'Present'),
(718, 4, '2023-04-08', 'Absent'),
(442, 4, '2023-01-20', 'Present'),
(299, 2, '2023-06-01', 'Present'),
(362, 1, '2023-08-09', 'Absent'),
(321, 4, '2023-05-18', 'Present'),
(189, 1, '2023-06-09', 'Present'),
(132, 2, '2023-08-15', 'Present'),
(731, 2, '2023-01-13', 'Absent'),
(331, 4, '2023-07-28', 'Absent'),
(387, 2, '2023-07-05', 'Present'),
(773, 1, '2023-06-28', 'Absent'),
(690, 1, '2023-10-22', 'Absent'),
(373, 1, '2023-07-28', 'Absent'),
(19, 3, '2023-11-23', 'Present'),
(198, 3, '2023-05-13', 'Present'),
(63, 3, '2023-11-08', 'Absent'),
(86, 3, '2023-01-19', 'Absent'),
(621, 2, '2023-01-21', 'Absent'),
(249, 1, '2023-10-21', 'Present'),
(392, 2, '2023-09-25', 'Present'),
(786, 3, '2023-05-06', 'Absent'),
(338, 2, '2023-02-19', 'Absent'),
(629, 3, '2023-06-18', 'Absent'),
(441, 4, '2023-11-24', 'Absent'),
(785, 4, '2023-05-02', 'Present'),
(106, 3, '2023-01-03', 'Present'),
(637, 1, '2023-07-07', 'Present'),
(428, 1, '2023-04-17', 'Present'),
(246, 4, '2023-02-23', 'Absent'),
(470, 3, '2023-07-21', 'Present'),
(752, 4, '2023-12-27', 'Absent'),
(239, 2, '2023-05-07', 'Present'),
(72, 1, '2023-02-02', 'Present'),
(310, 1, '2023-04-16', 'Present'),
(58, 1, '2023-02-10', 'Absent'),
(564, 4, '2023-11-05', 'Present'),
(100, 2, '2023-08-25', 'Absent'),
(259, 1, '2023-08-20', 'Present'),
(297, 1, '2023-08-05', 'Present'),
(548, 3, '2023-11-27', 'Absent'),
(426, 3, '2023-01-22', 'Absent'),
(144, 2, '2023-11-12', 'Absent'),
(170, 4, '2023-10-19', 'Absent'),
(328, 1, '2023-02-05', 'Present'),
(666, 4, '2023-01-27', 'Absent'),
(519, 3, '2023-05-05', 'Absent'),
(213, 1, '2023-11-23', 'Absent'),
(262, 4, '2023-04-10', 'Absent'),
(602, 4, '2023-10-15', 'Absent'),
(770, 1, '2023-11-08', 'Absent'),
(556, 2, '2023-12-16', 'Absent'),
(372, 4, '2023-06-25', 'Absent'),
(388, 2, '2023-12-05', 'Present'),
(760, 4, '2023-04-08', 'Present'),
(790, 4, '2023-04-25', 'Present'),
(465, 2, '2023-04-08', 'Absent'),
(487, 1, '2023-06-02', 'Absent'),
(341, 1, '2023-03-03', 'Present'),
(50, 3, '2023-08-11', 'Present'),
(391, 2, '2023-02-27', 'Absent'),
(292, 3, '2023-06-20', 'Absent'),
(191, 3, '2023-03-26', 'Absent'),
(29, 3, '2023-11-21', 'Absent'),
(491, 1, '2023-03-14', 'Absent'),
(106, 1, '2023-08-24', 'Present'),
(700, 2, '2023-03-09', 'Present'),
(360, 4, '2023-08-08', 'Absent'),
(735, 1, '2023-10-08', 'Absent'),
(225, 3, '2023-01-14', 'Absent'),
(222, 3, '2023-05-25', 'Present'),
(175, 4, '2023-03-14', 'Absent'),
(658, 3, '2023-12-23', 'Absent'),
(276, 2, '2023-12-28', 'Absent'),
(112, 4, '2023-10-10', 'Present'),
(295, 3, '2023-09-21', 'Present'),
(596, 3, '2023-07-09', 'Absent'),
(49, 2, '2023-01-05', 'Absent'),
(569, 3, '2023-05-19', 'Present'),
(103, 2, '2023-07-14', 'Absent'),
(317, 3, '2023-02-09', 'Present'),
(431, 3, '2023-11-03', 'Present'),
(83, 1, '2023-02-15', 'Absent'),
(194, 4, '2023-04-03', 'Present'),
(484, 4, '2023-07-26', 'Absent'),
(793, 3, '2023-11-09', 'Absent'),
(2, 1, '2023-01-23', 'Absent'),
(543, 2, '2023-12-06', 'Present'),
(150, 2, '2023-03-16', 'Absent'),
(21, 3, '2023-05-02', 'Present'),
(40, 1, '2023-10-15', 'Absent'),
(479, 2, '2023-02-19', 'Present'),
(49, 1, '2023-11-24', 'Absent'),
(432, 3, '2023-05-28', 'Absent'),
(312, 4, '2023-10-02', 'Absent'),
(295, 2, '2023-06-19', 'Absent'),
(491, 1, '2023-06-10', 'Absent'),
(180, 1, '2023-09-19', 'Present'),
(685, 3, '2023-01-12', 'Present'),
(67, 3, '2023-11-26', 'Absent'),
(688, 3, '2023-02-18', 'Absent'),
(452, 2, '2023-06-23', 'Absent'),
(307, 4, '2023-10-04', 'Absent'),
(288, 4, '2023-07-17', 'Present'),
(299, 1, '2023-01-22', 'Present'),
(652, 3, '2023-01-21', 'Absent'),
(21, 2, '2023-08-05', 'Present'),
(32, 2, '2023-02-27', 'Absent'),
(790, 4, '2023-06-03', 'Absent'),
(499, 2, '2023-12-15', 'Absent'),
(411, 3, '2023-11-16', 'Present'),
(77, 1, '2023-06-16', 'Absent'),
(76, 2, '2023-04-02', 'Absent'),
(663, 1, '2023-04-07', 'Present'),
(379, 3, '2023-07-04', 'Absent'),
(425, 4, '2023-11-26', 'Absent'),
(545, 3, '2023-09-09', 'Present'),
(468, 2, '2023-05-23', 'Present'),
(591, 3, '2023-08-07', 'Absent'),
(284, 4, '2023-11-10', 'Absent'),
(443, 4, '2023-08-16', 'Absent'),
(70, 2, '2023-01-03', 'Absent'),
(82, 1, '2023-11-06', 'Present'),
(770, 1, '2023-10-11', 'Present'),
(235, 4, '2023-06-14', 'Absent'),
(760, 1, '2023-01-16', 'Absent'),
(191, 3, '2023-06-16', 'Absent'),
(35, 4, '2023-05-15', 'Absent'),
(612, 1, '2023-12-04', 'Absent'),
(175, 2, '2023-05-03', 'Present'),
(574, 2, '2023-10-19', 'Absent'),
(161, 4, '2023-01-13', 'Present'),
(143, 2, '2023-06-07', 'Present'),
(775, 2, '2023-06-06', 'Present'),
(396, 3, '2023-02-06', 'Present'),
(712, 1, '2023-05-16', 'Absent'),
(153, 2, '2023-03-12', 'Absent'),
(452, 1, '2023-03-11', 'Absent'),
(281, 4, '2023-08-17', 'Absent'),
(422, 2, '2023-01-05', 'Absent'),
(584, 2, '2023-07-05', 'Present'),
(203, 1, '2023-08-14', 'Present'),
(504, 3, '2023-03-03', 'Present'),
(422, 1, '2023-08-13', 'Present'),
(257, 1, '2023-06-28', 'Present'),
(353, 3, '2023-06-25', 'Present'),
(437, 1, '2023-07-17', 'Absent'),
(186, 2, '2023-01-25', 'Present'),
(798, 3, '2023-05-03', 'Present'),
(473, 2, '2023-11-03', 'Present'),
(141, 3, '2023-02-20', 'Present');



INSERT INTO Attendance (StudentID, CourseID, Date, Status) VALUES
(391, 2, '2023-05-25', 'Present'),
(281, 1, '2023-12-04', 'Present'),
(377, 1, '2023-12-13', 'Absent'),
(130, 1, '2023-08-25', 'Present'),
(546, 3, '2023-03-17', 'Absent'),
(539, 3, '2023-04-27', 'Present'),
(758, 1, '2023-03-19', 'Absent'),
(322, 3, '2023-08-15', 'Present'),
(144, 2, '2023-04-13', 'Absent'),
(699, 2, '2023-11-24', 'Present'),
(602, 2, '2023-08-03', 'Present'),
(734, 1, '2023-05-05', 'Present'),
(361, 4, '2023-07-13', 'Absent'),
(456, 3, '2023-05-19', 'Absent'),
(741, 1, '2023-08-02', 'Absent'),
(688, 1, '2023-03-02', 'Absent'),
(365, 3, '2023-09-17', 'Present'),
(167, 3, '2023-10-11', 'Present'),
(745, 2, '2023-03-11', 'Present'),
(286, 1, '2023-03-28', 'Present'),
(403, 2, '2023-08-25', 'Present'),
(613, 2, '2023-12-14', 'Absent'),
(636, 4, '2023-07-01', 'Present'),
(659, 4, '2023-05-18', 'Absent'),
(171, 4, '2023-12-18', 'Present'),
(504, 3, '2023-12-18', 'Absent'),
(357, 4, '2023-07-20', 'Absent'),
(184, 2, '2023-05-19', 'Present'),
(605, 1, '2023-05-27', 'Absent'),
(430, 4, '2023-04-21', 'Present'),
(353, 1, '2023-10-05', 'Present'),
(392, 1, '2023-11-21', 'Present'),
(728, 1, '2023-12-01', 'Present'),
(650, 3, '2023-07-11', 'Absent'),
(621, 2, '2023-08-26', 'Present'),
(104, 1, '2023-03-17', 'Present'),
(234, 4, '2023-07-14', 'Present'),
(68, 3, '2023-12-22', 'Absent'),
(673, 4, '2023-12-12', 'Absent'),
(651, 1, '2023-01-13', 'Present'),
(560, 4, '2023-03-06', 'Present'),
(117, 2, '2023-10-23', 'Present'),
(547, 3, '2023-08-28', 'Present'),
(785, 3, '2023-03-23', 'Absent'),
(151, 1, '2023-04-07', 'Absent'),
(444, 3, '2023-05-23', 'Absent'),
(62, 4, '2023-09-14', 'Absent'),
(262, 4, '2023-03-11', 'Absent'),
(706, 3, '2023-06-21', 'Present'),
(620, 1, '2023-01-17', 'Absent'),
(712, 2, '2023-03-25', 'Present'),
(142, 1, '2023-08-08', 'Present'),
(47, 4, '2023-04-12', 'Present'),
(570, 1, '2023-04-03', 'Absent'),
(193, 2, '2023-01-27', 'Absent'),
(702, 4, '2023-03-12', 'Present'),
(677, 4, '2023-01-07', 'Present'),
(43, 1, '2023-09-14', 'Absent'),
(184, 4, '2023-03-22', 'Absent'),
(358, 2, '2023-01-14', 'Present'),
(253, 2, '2023-08-07', 'Absent'),
(746, 1, '2023-12-28', 'Absent'),
(41, 2, '2023-12-17', 'Present'),
(214, 3, '2023-03-04', 'Present'),
(74, 1, '2023-02-02', 'Present'),
(214, 1, '2023-09-16', 'Absent'),
(219, 1, '2023-07-26', 'Absent'),
(79, 3, '2023-07-10', 'Absent'),
(54, 1, '2023-10-03', 'Absent'),
(80, 2, '2023-04-04', 'Present'),
(330, 1, '2023-03-04', 'Present'),
(472, 3, '2023-09-09', 'Absent'),
(791, 3, '2023-12-21', 'Absent'),
(374, 2, '2023-02-24', 'Present'),
(645, 2, '2023-10-25', 'Present'),
(779, 1, '2023-09-19', 'Present'),
(460, 3, '2023-01-16', 'Absent'),
(118, 4, '2023-11-06', 'Absent'),
(473, 1, '2023-07-19', 'Present'),
(164, 3, '2023-01-20', 'Absent'),
(666, 2, '2023-01-19', 'Present'),
(649, 3, '2023-03-27', 'Absent'),
(728, 3, '2023-08-13', 'Absent'),
(275, 1, '2023-03-03', 'Present'),
(106, 3, '2023-01-16', 'Present'),
(149, 2, '2023-12-19', 'Absent'),
(24, 1, '2023-02-14', 'Present'),
(676, 3, '2023-09-04', 'Present'),
(450, 4, '2023-06-03', 'Present'),
(71, 3, '2023-12-01', 'Absent'),
(363, 4, '2023-03-16', 'Absent'),
(632, 4, '2023-10-03', 'Present'),
(218, 2, '2023-11-23', 'Present'),
(758, 2, '2023-03-05', 'Present'),
(108, 1, '2023-12-17', 'Absent'),
(31, 3, '2023-02-05', 'Present'),
(236, 3, '2023-12-15', 'Present'),
(303, 4, '2023-02-01', 'Present'),
(651, 3, '2023-12-11', 'Present'),
(195, 4, '2023-11-27', 'Present'),
(103, 3, '2023-04-02', 'Absent'),
(363, 1, '2023-01-19', 'Absent'),
(70, 2, '2023-07-04', 'Absent'),
(475, 4, '2023-03-07', 'Absent'),
(648, 3, '2023-08-04', 'Present'),
(433, 4, '2023-12-14', 'Absent'),
(514, 3, '2023-09-15', 'Present'),
(161, 3, '2023-04-04', 'Absent'),
(69, 3, '2023-08-11', 'Absent'),
(510, 3, '2023-07-23', 'Present'),
(288, 4, '2023-07-01', 'Present'),
(399, 3, '2023-03-26', 'Present'),
(295, 2, '2023-05-08', 'Absent'),
(738, 2, '2023-02-11', 'Absent'),
(730, 2, '2023-08-06', 'Present'),
(187, 3, '2023-06-03', 'Present'),
(644, 2, '2023-04-12', 'Absent'),
(144, 2, '2023-02-17', 'Present'),
(399, 4, '2023-04-16', 'Absent'),
(545, 2, '2023-06-28', 'Present'),
(21, 2, '2023-05-17', 'Present'),
(356, 4, '2023-10-08', 'Absent'),
(42, 4, '2023-01-09', 'Absent'),
(85, 4, '2023-01-14', 'Absent'),
(54, 2, '2023-07-07', 'Absent'),
(641, 4, '2023-07-08', 'Present'),
(740, 4, '2023-07-25', 'Present'),
(112, 2, '2023-11-04', 'Absent'),
(447, 1, '2023-11-25', 'Present'),
(205, 3, '2023-07-16', 'Present'),
(512, 4, '2023-02-19', 'Absent'),
(224, 3, '2023-01-17', 'Absent'),
(337, 3, '2023-08-02', 'Present'),
(346, 3, '2023-05-18', 'Present'),
(102, 4, '2023-11-10', 'Present'),
(637, 2, '2023-04-12', 'Absent'),
(292, 1, '2023-11-01', 'Present'),
(597, 4, '2023-02-26', 'Present'),
(734, 3, '2023-12-13', 'Absent'),
(27, 3, '2023-09-10', 'Present'),
(107, 3, '2023-07-10', 'Absent'),
(325, 1, '2023-02-05', 'Absent'),
(754, 1, '2023-05-05', 'Present'),
(135, 2, '2023-11-05', 'Absent'),
(94, 3, '2023-06-25', 'Present'),
(768, 2, '2023-03-06', 'Present'),
(749, 3, '2023-02-09', 'Present'),
(394, 3, '2023-08-11', 'Absent'),
(419, 3, '2023-07-18', 'Present'),
(487, 2, '2023-12-17', 'Absent'),
(517, 2, '2023-12-21', 'Present'),
(706, 3, '2023-06-24', 'Present'),
(36, 1, '2023-11-27', 'Absent'),
(360, 3, '2023-03-21', 'Absent'),
(449, 3, '2023-04-06', 'Present'),
(244, 3, '2023-06-02', 'Present'),
(278, 1, '2023-11-25', 'Absent'),
(61, 4, '2023-06-25', 'Present'),
(660, 1, '2023-11-27', 'Absent'),
(557, 4, '2023-11-04', 'Absent'),
(92, 1, '2023-09-21', 'Absent'),
(690, 4, '2023-03-02', 'Present'),
(786, 3, '2023-12-12', 'Present'),
(243, 1, '2023-05-03', 'Absent'),
(133, 1, '2023-03-21', 'Absent'),
(654, 4, '2023-10-09', 'Present'),
(122, 1, '2023-07-04', 'Present'),
(528, 2, '2023-04-10', 'Present'),
(227, 2, '2023-06-08', 'Present'),
(7, 3, '2023-09-20', 'Present'),
(455, 3, '2023-07-27', 'Absent'),
(343, 2, '2023-07-06', 'Present'),
(620, 3, '2023-11-23', 'Present'),
(417, 1, '2023-04-16', 'Absent'),
(703, 2, '2023-03-01', 'Present'),
(286, 3, '2023-09-08', 'Absent'),
(494, 3, '2023-11-14', 'Absent'),
(226, 4, '2023-10-15', 'Absent'),
(530, 1, '2023-02-13', 'Absent'),
(522, 3, '2023-06-13', 'Present'),
(593, 3, '2023-06-15', 'Present'),
(27, 2, '2023-09-02', 'Absent'),
(791, 2, '2023-07-02', 'Absent'),
(121, 1, '2023-06-27', 'Absent'),
(145, 4, '2023-08-25', 'Present'),
(124, 3, '2023-03-22', 'Absent'),
(345, 4, '2023-01-08', 'Absent'),
(4, 3, '2023-06-04', 'Present'),
(690, 1, '2023-03-21', 'Present'),
(72, 1, '2023-12-01', 'Present'),
(295, 4, '2023-11-16', 'Present'),
(467, 2, '2023-06-20', 'Present'),
(355, 2, '2023-12-08', 'Absent'),
(8, 1, '2023-05-14', 'Present'),
(792, 3, '2023-05-13', 'Absent'),
(651, 3, '2023-06-25', 'Absent'),
(140, 3, '2023-05-03', 'Absent'),
(424, 3, '2023-01-05', 'Present'),
(390, 2, '2023-11-05', 'Present'),
(181, 3, '2023-09-27', 'Absent'),
(374, 2, '2023-11-06', 'Present'),
(714, 2, '2023-02-05', 'Absent'),
(35, 2, '2023-02-21', 'Present'),
(198, 1, '2023-05-09', 'Absent'),
(432, 3, '2023-03-17', 'Absent'),
(275, 3, '2023-10-08', 'Absent'),
(516, 2, '2023-12-07', 'Absent'),
(278, 1, '2023-12-19', 'Absent'),
(661, 3, '2023-07-06', 'Absent'),
(614, 1, '2023-06-24', 'Present'),
(174, 2, '2023-01-05', 'Present'),
(468, 1, '2023-06-01', 'Absent'),
(582, 3, '2023-03-18', 'Absent'),
(614, 3, '2023-04-06', 'Absent'),
(645, 4, '2023-10-28', 'Present'),
(579, 2, '2023-08-09', 'Absent');
